url,prediksi_sistem,skor_final,label_manual
9audy88.com,,,1
barongbetplays.com,,,1
dewan4dinc.com,,,1
n94ywwycn7.rtp-lohanslot.com,,,1
ownitgucci.com,,,1
kudahoki-q9us.kudahoki.online,,,1
pejuangslotcrm.com,,,1
premier333aek.com,,,1
promokikototo.org,,,1
0m1wjbwjlh.slotmantapviral.com,,,1
nemospin78.store,,,1
inova138bjb.com,,,1
www.gamespoolspic.vip,,,1
pik4mantapp.com,,,1
huntertotoalter.online,,,1
grafikjituhugme.site,,,1
super88site.space,,,1
bktt-fav.site,,,1
gemoy88gas.monster,,,1
akseswin805.click,,,1
1rolet303.art,,,1
barbari.seni108maxwin.com,,,1
www.rusticfarmlife.com,,,1
82lwit76wp80ao7bzzoi.vdkgatheringpoint.social,,,1
q9db0zfseko306oz237x.araitoto-x.com,,,1
salam88kung.site,,,1
negrislot.store,,,1
3vfa5w8mr8.dota88e.life,,,1
panadolqqjp99.xyz,,,1
info.rtpoishibet.com,,,1
cafe4dv2.space,,,1
bulantogel3.rest,,,1
maxwinrtp.officejutawan.com,,,1
tokzmp7m4x.top1toto199.com,,,1
agenbos228.beauty,,,1
kangmasrindu.site,,,1
grandpulsa7.com,,,1
togelnusatotomaxwin.site,,,1
pq9o61ii477woxkizbjr.jpmariofixx.site,,,1
bdhoki88limit.live,,,1
kdkey2r6ed.vwvip2.pro,,,1
umr-dewa.online,,,1
prabartanablog.pages.dev,,,1
www.kemonbet22.com,,,1
bbtn4dwinplay.com,,,1
ratupadepokan.xyz,,,1
www.staradio1073fm.com,,,1
30msislot.info,,,1
slot88blue.com,,,1
www.rockfest-game.com,,,1
lotus2mas.vip,,,1
5feb.2simenang.com,,,1
tuantogelultra.com,,,1
ppsnusanew.com,,,1
becekwinhits.com,,,1
rtppepsimaniez.com,,,1
duniabet303ai.life,,,1
jpnation17.xyz,,,1
geosriwijaya.com,,,1
mpo8821bekasi.info,,,1
appsatrialigartp.com,,,1
tattumedia.com,,,1
giant.genevafoxes.org,,,1
wap.appunikbet.com,,,1
gojek77.ws,,,1
rtp13.polaavatar808.live,,,1
k6zznn1xd8mbnhd96reg.araitoto-x.com,,,1
tytfortunerid.com,,,1
yyqf7qvklk.senju33h.top,,,1
hwg500.net,,,1
a.justd.net,,,1
amppapilo99.net,,,1
www.audi8.bet,,,1
32c7j15fcqwynfj23mut.jpmariofixx.site,,,1
sibukwinbaik.com,,,1
emastotojitu.com,,,1
novasobatvip.mom,,,1
indratogel32461.com,,,1
llgt36dscwnnsoiswda6.myjpcash.com,,,1
geng34037.com,,,1
rtpbiru138cuan.blog,,,1
burhanbos89.xyz,,,1
super88original.org,,,1
biru777citra.club,,,1
xn-foroporlaniez.pages.dev,,,1
g1.gurame.fun,,,1
kangtotowis.com,,,1
pasti12.niastoto4d.xyz,,,1
jamuwin78.yachts,,,1
bolawinsbsd.com,,,1
kurniatotomantap.com,,,1
komengtotobet.com,,,1
www.alexabet88u.net,,,1
hargabiru.com,,,1
jamintotowin13.com,,,1
ketuabemo05.site,,,1
situsgestunbet2026.pages.dev,,,1
lions88newregister.store,,,1
kudahoki11.site,,,1
lmccsn88.blog,,,1
17des.rusia777.sbs,,,1
m.tst4d.com,,,1
voliaku.biz,,,1
morph365.asia,,,1
xiutoto401.com,,,1
www.sba.co.ug,,,1
netjawawin.com,,,1
unagitop2.com,,,1
rtpptjpkali.pages.dev,,,1
lvonlinejakarta.lol,,,1
gamabet88mc.com,,,1
kudetabet98lecijackpot.com,,,1
3gyzvbauxg.caritvtogel.vip,,,1
peso138info.com,,,1
akun77toss.homes,,,1
holongan.jmslt.com,,,1
rtpcun-gb88.bond,,,1
fp15nb3twoi0lmxo13h6.bungaslot.dev,,,1
spotbeth.app,,,1
cong22.com,,,1
neon4dvip.com,,,1
vir9awenax.jmtoto.vip,,,1
bocilslt.com,,,1
agenmasion.xyz,,,1
p5jaco65e8.nusantaravip2.pro,,,1
aktortogel-baht.com,,,1
al28oz1c47.jumbo189.com,,,1
gm3.gmtt88-1.live,,,1
18hokiuntung.pages.dev,,,1
abangzeus007.live,,,1
idncash-domba.com,,,1
vip3.togel900-x.com,,,1
kisahpihak.com,,,1
y1rsd48ixhs3uv4itg3q.gayatoto268.site,,,1
webkecil.iridengki.com,,,1
qaidi804vip2.bet,,,1
lnl4e158qo.top1toto199.com,,,1
qdal88wol.mom,,,1
w9.winterfresh.ink,,,1
pg25.14kelinci777.xyz,,,1
spznwbcqlx.ttcebu.icu,,,1
h2totocepat.com,,,1
ular-jawa.space,,,1
slotbom77lga.top,,,1
rtpslotyok215.com,,,1
mufasatotobenua.com,,,1
bn88live.top,,,1
1hal777login.com,,,1
megatoto5dpaten.com,,,1
nwxl0wl50s.vwvip2.pro,,,1
bebasjitu08.com,,,1
besarwinakutansi.com,,,1
supraslot88rtp.com,,,1
raden4dfkt.com,,,1
linkrtp13-panglimajp.pages.dev,,,1
xiutoto042.com,,,1
kekar4dalter.com,,,1
satuanugerah.semarhokisaya.com,,,1
marettoto84.com,,,1
akadlancar.online,,,1
178.128.82.117,,,1
wika123-ya.site,,,1
ninjawild.com,,,1
livegamehok1.site,,,1
rtpipo138l.com,,,1
52xyjrfqck.gt108vip3.com,,,1
rtpabadicash51.pages.dev,,,1
area13.zendo100top.com,,,1
bejo88lotar.xyz,,,1
linkktudunia.store,,,1
l6g9ugckgglej88k29qx.bungaslot.dev,,,1
inijawara.xyz,,,1
ultislot88cuan.shop,,,1
www.mabecan.es,,,1
www.hermestotoalternativ.com,,,1
cimol88ss.live,,,1
mawartotodewa.com,,,1
maktoto1.ramalanku.live,,,1
bosgambir169.com,,,1
ms002.demon189.live,,,1
hotspin69discover.com,,,1
pagoda88-tower.com,,,1
top805vip.vip,,,1
g49uad98ss.markas338dikawal.com,,,1
slot.rtp-rajapanen.click,,,1
rajawisnu.info,,,1
tidakadalawan.org,,,1
amp-epsi99slot.pages.dev,,,1
xlo5g01ye8eodng3ajvp.ratuselot.site,,,1
rutanpedia.com,,,1
live-rtpf200m.autos,,,1
iq3ly0gpxx.slotbesarvip2.pro,,,1
hebohwin99.uk,,,1
5gtotojaya.site,,,1
hnd138jos.store,,,1
winbet299glory.online,,,1
roulette-overzicht.com,,,1
luna34617.com,,,1
pro33738.com,,,1
www.apistage.mocatest.org,,,1
sbctotomiya.com,,,1
bbtotoalter.xyz,,,1
bolacuan1.net,,,1
bolang100.com,,,1
xb7mct.oyamurayama.com,,,1
k6og.jokoo4d.net,,,1
redandwhite.space,,,1
b8.morfintotopride.online,,,1
rtpbuncistoto-2.site,,,1
telukbisa.com,,,1
myg4djepe.xyz,,,1
harwy40537.gonaga.us,,,1
maco4d8.online,,,1
t21jepe.online,,,1
martv4d.xyz,,,1
bendera62via.cyou,,,1
zeusl9zusv.jatengtoto.one,,,1
d4naliga.click,,,1
monobakery.site,,,1
29empireterbaru.com,,,1
calocanda.com,,,1
hqvxq14140.maniaslt.com,,,1
159.223.42.12,,,1
3maribbwin777.info,,,1
za008.yakuza77a.online,,,1
maskermerah.com,,,1
slot.obraltoto.vip,,,1
linkpasangjitu-official.com,,,1
rtp-rajacukongzzz.pucukdingin.org,,,1
piwpiwbum.pages.dev,,,1
yudha.togelup662.life,,,1
hdtoto1alter.xyz,,,1
firstplay88qiuqiu.com,,,1
xkm6gn4gj5.kaskuskita.com,,,1
bilan17.logamazli.one,,,1
rtpmw138.vip,,,1
indosbobet88win.shop,,,1
menyalabangku.org,,,1
tabungutama.net,,,1
login.kantongkosong.com,,,1
gajahstore09.com,,,1
m188link2.xyz,,,1
skuvjqhrfw.ligazoom.work,,,1
dewata4d-32.xyz,,,1
gacoan88asli.xyz,,,1
rtpslotyowes215.com,,,1
u4rnu0w5yay2837t07j8.bungaslot.dev,,,1
suhu-esse.lat,,,1
regisidagentshop138.club,,,1
counterwin88none.com,,,1
www.tampanbintang4dp.com,,,1
bosvip777.world,,,1
gilabanget.pro,,,1
acggcrfb.org,,,1
masuk1.site-jaya66.online,,,1
winwincuan.com,,,1
rekomendasi2026.com,,,1
tahta1.tahta2026.net,,,1
fantasitoto2.xyz,,,1
cawan78app.site,,,1
rtpcuan-kingzeus.cyou,,,1
i-ai.apkjspaten.com,,,1
pik88-paco.pages.dev,,,1
livesosmedtoto.club,,,1
k1jy065bqz.rudaltotoking.com,,,1
speed1.rtpserver-ceriabet.live,,,1
pentolbetcan.com,,,1
rtpnet33sick.pages.dev,,,1
klub4dpion.com,,,1
ultra0802.jalurmudah.xyz,,,1
baduimen.info,,,1
bomjp149.motorcycles,,,1
sengprediksi7.site,,,1
lwjxy40839.dewacashdana.one,,,1
www.bier-one.com,,,1
wakanda33cheap.net,,,1
ip.bt-pro.click,,,1
zhoe.ngawimasukkedua.com,,,1
login2.vip138ab.com,,,1
cashgame88bet.com,,,1
1329ll.bet,,,1
13.royal707.me,,,1
apk.wadukforever.rest,,,1
inifun88mall.com,,,1
zy9hq7j9py.nusantaravip2.pro,,,1
6pexynu8ow5rx7dheivu.linkbd88.store,,,1
ggplay-gram.xyz,,,1
waslotone.top,,,1
da003.garasi189.site,,,1
sl1ivfk1icj6j8xit2nl.myjpcash.com,,,1
apk2raja01.shop,,,1
masuk-top138.site,,,1
60m44mdmnn.vwvip2.pro,,,1
visi4dsan.click,,,1
j7ry4dngj6.top1toto199.com,,,1
dana999batik.com,,,1
plazaraya.site,,,1
ongpg01.com,,,1
group788-1a.store,,,1
3uxzv1jndn.gt108vip3.com,,,1
kodomo99baru.com,,,1
beritahujan.com,,,1
slotyokaislotdra.xyz,,,1
destotopaling.com,,,1
inibet.in.net,,,1
beton88-amarflourmills.pages.dev,,,1
07jugyfvrlfal1pfphv2.sakutoto990.com,,,1
unikgunung.com,,,1
01kitaslot777.makeup,,,1
yumetoto99.com,,,1
šltñ77.com,,,1
amoisuper.com,,,1
oyen14.web.id,,,1
61vl.oyamurayama.com,,,1
shop.terrafreshhome.com,,,1
hrvslotmenang.com,,,1
bola222machinewin.com,,,1
megajp17.rtp2025jp.com,,,1
mem.pinarena.online,,,1
ingatbebek31.xyz,,,1
nero4dwin.com,,,1
kasir4dhot.com,,,1
animemantap08.com,,,1
koiceko.com,,,1
pastipaten-oceanslot88.xyz,,,1
www.raja138bom.com,,,1
aa8dpk58415.captogel.cyou,,,1
link1.mio69-best.store,,,1
kja2jv5n2fzh4sfpz23g.bungaslot.dev,,,1
spekta777ok.net,,,1
betblocker.org,,,1
mutubet88loyal.com,,,1
kopral404.com,,,1
tko77steed.com,,,1
sgptotocity1.com,,,1
molektoto2026.com,,,1
resortgrow.site,,,1
indoslot303z.club,,,1
x92vip2.bet,,,1
phxcgn7tjo.kaskuskita.com,,,1
bzhcq45183.klikfifabet.in,,,1
mio69-ofc.xyz,,,1
takurnewyear.site,,,1
henslotwd.xyz,,,1
bandar89home.xyz,,,1
i3kit4lgg5aoqdroz0ez.bungaslot.dev,,,1
lryt063d61.nusantaravip2.pro,,,1
wakcepek.site,,,1
geloragamingcun.com,,,1
dogelexusmvp.quest,,,1
lilinterns.com,,,1
ripsipglowin88.com,,,1
gipb74zm0bgmjt2o6ph7.vdkgatheringpoint.social,,,1
juruspass.com,,,1
pamanganteng.xyz,,,1
tvsouth.com,,,1
4.bonushptoto.info,,,1
martabak188a.asia,,,1
americanpicks.com,,,1
koreo138pedas.com,,,1
aksesmulia77.rest,,,1
petir138-amp168.sbs,,,1
www.sloto89dada.com,,,1
zenithfordv4.store,,,1
link9.ldbplayalt35.com,,,1
buiyq48880.gobogil.one,,,1
vip25.sigacor88.ink,,,1
aslamfabrics.com.pk,,,1
sultanplay.fit,,,1
1329w.bet,,,1
ms31.wede777vip.com,,,1
kipas899ok.life,,,1
havana88-2.com,,,1
supertotorezeki.top,,,1
cagurbetkyu.help,,,1
tiga11.hitocuan.com,,,1
akiratoto5.online,,,1
tarunggas.work,,,1
www.sm333.net,,,1
sex2hjg7uz.jaya4dxin.xyz,,,1
polonia123-vip.site,,,1
tmbetreward88.com,,,1
www.nos138af.online,,,1
bundaaslot.store,,,1
takis98slt.store,,,1
jon4dnikmat.com,,,1
nu3pu3j7qftqvxpq9fu0.jpmariofixx.site,,,1
bintang108year.com,,,1
sarana77.org,,,1
s4jexj6cyc.rudaltotoking.com,,,1
nekobet99.shop,,,1
0inuf4h5n5.kaskuskita.com,,,1
ku007.key365a.live,,,1
bangkok-ampdev.pages.dev,,,1
gudang4dplay.motorcycles,,,1
lisatoto-bd.com,,,1
hyju9dzuva.cariepictoto.pro,,,1
sloki88bmw.com,,,1
megaslot97.work,,,1
l9d1tt6vdu.vwvip2.pro,,,1
leon188bersulang.co,,,1
indo4d-k.com,,,1
bursa188re.com,,,1
paulang.com,,,1
beldlanka.com,,,1
pilarplay49.shop,,,1
rtp3.notif4darena.org,,,1
01pacificwildseafood.pages.dev,,,1
lido88next.com,,,1
indo62bangga.com,,,1
abc-cgi.com,,,1
kangtotowis.org,,,1
151.101.131.52,,,1
hidupgagak.store,,,1
rice838-d.cfd,,,1
pialadunia.dev,,,1
ads11raja01.shop,,,1
a1.winterfresh.ink,,,1
app-liv.jp,,,1
u1q3qrlp5ye1n04431bq.bungaslot.dev,,,1
rusia3.xyz,,,1
macautw.xyz,,,1
unovgsreals.space,,,1
142peritt.com,,,1
pgking11.vip,,,1
glendona.com,,,1
restupokerhot.com,,,1
tigoals.github.io,,,1
shop.mondena.com,,,1
liontoto1.store,,,1
jumbototo982.com,,,1
abangda88.us.com,,,1
lihat14.meriahkali.one,,,1
pro8etiojk.lat,,,1
ayam4dhoki168.com,,,1
riangterang.xyz,,,1
rtppilarplay24.shop,,,1
zjqoolipaf.bosbro.website,,,1
techno.dolly4dofficial.com,,,1
live-hockey.ru,,,1
hyjkumrqv7.slotbesarvip2.pro,,,1
gg2.rtpapidewa.lol,,,1
kp06nygo7f.jaya4dxin.xyz,,,1
asiaslot777official.beauty,,,1
z66ntjdxbg4p4ku6u7so.ibox4docean.net,,,1
tancap4digit.bond,,,1
fuyuramenco.com,,,1
6i9.notaups4d.site,,,1
12hoki.forum,,,1
tb88duit.top,,,1
alt2.alamat.vip,,,1
kokoplayv5.pages.dev,,,1
18ex0qrsck.prada55c.one,,,1
vv0802.kantorbolajaya.org,,,1
kpk100stars.site,,,1
ituu.bt-pro.click,,,1
zfn3vsbbua.asgacor.pro,,,1
hel4oilwyp.top1toto199.com,,,1
laskar89-site.bond,,,1
idxstartime.top,,,1
clinic-gallery.pages.dev,,,1
4lr86165sbskyxgqbh1y.bungaslot.dev,,,1
kemenangan-dewi11.pages.dev,,,1
arizona88.suhujepe12.site,,,1
abcd.kkp69.info,,,1
vikingbet-88.store,,,1
kenangan4dtinggi.com,,,1
6fwekg4fbsqkfb81qx89.bungaslot.dev,,,1
moi4dindah.com,,,1
agung711uang.com,,,1
111333.bet,,,1
0r4ncbr2g0poeh3yvwn7.bungaslot.dev,,,1
sedanghokipilihan.lol,,,1
kpkgg18.com,,,1
link1.rtpking555.ink,,,1
gacormen-ar.com,,,1
u0.morfintotopride.online,,,1
jam889.net,,,1
ms003.braga89.store,,,1
hijauwinart.store,,,1
websni.info,,,1
ufc4d.cc,,,1
mantap99.ms-pacmantoto.space,,,1
sj88open.sbs,,,1
okejp8.rtp2025jp.com,,,1
eskino4d.net,,,1
mom4dbisa.com,,,1
tousi-life.jp,,,1
akseswakai.site,,,1
game006.ketua911c.store,,,1
mlb789hoki.site,,,1
wa.agenkopi.cyou,,,1
ola62az.store,,,1
amelpenting.com,,,1
lega4d18.shop,,,1
idrbet77.com,,,1
bape777nice.com,,,1
rtpomega-gan89.com,,,1
11uni4d.com,,,1
loginsoju.store,,,1
www.sloto89semesta.com,,,1
ratugacor88-top.xyz,,,1
dingdong34225.com,,,1
orisdaftar.com,,,1
goto-77.cyou,,,1
sakuratotoart.xyz,,,1
pintumasuklinklgp.com,,,1
arcerqwinwk.site,,,1
pecah404int.com,,,1
h2hslotq.com,,,1
waw4.dahsyat.online,,,1
138grdrtp.beauty,,,1
bt10rb04.space,,,1
nemesisaj8b21.sekali.bet,,,1
3vb9hh9g1l.kaskuskita.com,,,1
boyah.cempakabet.space,,,1
play-deluna188.com,,,1
wwtoto02.com,,,1
rajatoto3selalu.com,,,1
galaxy898onepiece.com,,,1
tzqt8d2jbu.asgacor.pro,,,1
www.boggypond.com,,,1
ayah4di.theamplink.com,,,1
merahbiru.pro,,,1
rtp-ns88.autos,,,1
petir108b.fit,,,1
antohokikali.com,,,1
kilau4dmania.com,,,1
grafikjitubaru789.site,,,1
logicdiana4d.site,,,1
zilong88u-amp1.xyz,,,1
1cabang777.com,,,1
putrajpcv.linktotheamp.com,,,1
nmax4dgas888.com,,,1
turbobet77-hd.com,,,1
ms2.peniti4ddomain.com,,,1
x432s42ynqg6bqlkn9bh.ratuselot.site,,,1
www.rp888dj.com,,,1
riangimlek.mom,,,1
www.jra.go.jp,,,1
jebol78log14.xyz,,,1
opdw.bantenhero.cloud,,,1
303pediamn.live,,,1
pahala4d-official.org,,,1
afsbe.org,,,1
2qzy.jokoo4d.net,,,1
rtpjablay123jp.click,,,1
pilihtogeltoto.com,,,1
v1.narawin.live,,,1
zodiakslotjp.shop,,,1
bandargamingno1.com,,,1
1e27855ntbfedogj0sic.jpmania-resmi.com,,,1
joko4dcuans.vip,,,1
laporgajah.com,,,1
178.128.86.89,,,1
rtp4.jpslot161.top,,,1
fpgbsdyaflgay1qqddld.gayatoto268.site,,,1
nova0fk329.nafastogel.app,,,1
duniabet303joss.vip,,,1
maxhoki.website,,,1
vegas338rtp-7.site,,,1
becekwinalt.blog,,,1
pola1.rtpkerbau28.com,,,1
link-gasbet88.com,,,1
mandiuanglogin.org,,,1
skrikkoke25.online,,,1
pyo9diszrj.dota88e.life,,,1
amp-panoco-is-back.pages.dev,,,1
dd6cxb8m1h.bmwvip3.pro,,,1
subs.supermp0.com,,,1
freeseite.com,,,1
krgxr32040.ihokibetplay.xyz,,,1
vip14.honda555.link,,,1
uwu4dg.com,,,1
unik-1.club,,,1
buzzymag.com,,,1
medaliatas.com,,,1
babyslotbet.com,,,1
puma99gelo.com,,,1
go-pink-4d-new.store,,,1
kipas899ok.pics,,,1
pede4dme.online,,,1
yl002.yolanda77a.store,,,1
manta69-pro.online,,,1
ultimate12.bocorankatsu5.online,,,1
dvbos8.info,,,1
putri.kedai168thailand.com,,,1
nx303ada.art,,,1
indosultan69resmi.com,,,1
0.livebasketrtp.com,,,1
www.takarakuji-official.jp,,,1
dollar4dangkattelor1.online,,,1
hecate0jx4r.nafastogel.one,,,1
kartubet88pro.homes,,,1
jp52dpmw40v1iq51nujc.pucukiran.com,,,1
diorbagus.com,,,1
temposlots.homes,,,1
store.fannyavila.com,,,1
1329qq.bet,,,1
mekagoal.shop,,,1
kw88antireport.store,,,1
totokitazap.site,,,1
sobatkerabatslot.us,,,1
menulerimiz-900.pages.dev,,,1
q0w0764c4v.uang77dcmbr.org,,,1
kingkong39ingat.online,,,1
web010.sepuh78.live,,,1
www.zs999.bet,,,1
jinhoki.xyz,,,1
vde9gvw34y.botuna55c.click,,,1
4qaausx10f6hbgc5f7uj.bungaslot.dev,,,1
rtp02.regalbetvip.store,,,1
sagatoto-cruise.xyz,,,1
nxpecahhhh.xyz,,,1
tarboljuara137.xyz,,,1
bjk3natxg6.cendana898.com,,,1
abgib39364.yesnaga.vip,,,1
sa365url.com,,,1
www.jaihowin17.com,,,1
00y888.com,,,1
arwanaslotjaya1.lat,,,1
satudepo88.ink,,,1
www.linkslotserver.com,,,1
nila88sakti.com,,,1
adamtoto-98.com,,,1
official-terongbet.com,,,1
eggx059fbi.dewaidr.life,,,1
ajjf7xtzsh.top1toto199.com,,,1
rtp1i-bintang299.pages.dev,,,1
litter.situs8888terbaru.online,,,1
dongjituwop.com,,,1
adsku1.hero369.mom,,,1
wa.tuanslot88stock.com,,,1
lagi-di-atas-langit.pages.dev,,,1
bj7jctws4y44mg8k6swb.okejp-x.com,,,1
www.rujukindovegas4d.net,,,1
de-wi-365.com,,,1
sunda7872026.com,,,1
bandar69-rtp.site,,,1
ragnaroktogel87.com,,,1
muliajitu1.cyou,,,1
y200m2025.homes,,,1
2d35cqmrfi.gt108vip3.com,,,1
manta367.shop,,,1
7hy8kn.sumselampera.online,,,1
ular900jaya.site,,,1
www.maxistotox3.com,,,1
2februari.landakmeledak.com,,,1
1ggoeft1vs.rudaltotoking.com,,,1
pk006.paduka77a.store,,,1
guncacamax.site,,,1
kaskus4dboba.com,,,1
88javaplay.net,,,1
hilux869.luxtogelgacor.net,,,1
rtpflexihoki28.xyz,,,1
mega303populardaftar.pages.dev,,,1
apk.kingdomjaya.com,,,1
totojek-hijau.site,,,1
mobilaka899.website,,,1
apk-asdjfajldlk.besok4d.top,,,1
tirto88byon.xyz,,,1
www.arjuna88panas.com,,,1
koin79.jitu.win,,,1
www.kolamlele247.vip,,,1
h9mamfuk04wk0n5weiz8.myjpcash.com,,,1
casinogamingreviews.com,,,1
rtptugubetvip.sbs,,,1
takurjitugroup.site,,,1
on34481.com,,,1
paten33f.com,,,1
sand77b.site,,,1
hebat99op.com,,,1
sungaipelaut.com,,,1
pck303.store,,,1
golbossuper.net,,,1
bezdep.vip,,,1
alfabet88.asia,,,1
panen77slt.store,,,1
pastigacor.peniti4ddomain.com,,,1
mambawingame.click,,,1
jepe711mari.com,,,1
cair50.wiki,,,1
bk-ttt.site,,,1
maret88av.store,,,1
badak138s.net,,,1
dede4dolan.com,,,1
akun77rtpliveterbaik.ngahooterstour.com,,,1
i5gungvzxdcqxqr75qr6.onictotohome.com,,,1
teviwaduk700.vip,,,1
allinone-cuancuan.pages.dev,,,1
13.228.176.132,,,1
fb88resmi13.com,,,1
pola10.rtputamaexo.com,,,1
panen100semua.site,,,1
pijartaff.com,,,1
yokkeraton88.xyz,,,1
pelanggan-sabaiguy.pages.dev,,,1
www.galaxy77antariksa.com,,,1
pefjn0nfoe.trik-nasa.xyz,,,1
linkwla168.vip,,,1
kananbetmenang.com,,,1
gurujaya2025.lol,,,1
bigcemeip.beauty,,,1
3f3ndqsocq.kaskuskita.com,,,1
y1s9g9j7oe.vwvip2.pro,,,1
hut4djam.com,,,1
zeus999.gayo88.space,,,1
dwlbngydhtksytngjdntyre.store,,,1
enuwvwvvpc.ttbarelang.cyou,,,1
indoagb99.quest,,,1
rtpslotterbarik99.online,,,1
lightmika.site,,,1
ares188alternatif.beauty,,,1
kewarga777b.com,,,1
likmaies.skin,,,1
sarangslot88b.beer,,,1
linkmitra77.biz,,,1
bskyu37557.matador168portalmasuk.com,,,1
jqriu4t5ntogtdqpa6dk.jpmariofixx.site,,,1
tentenslotgame.biz,,,1
cawancoc.com,,,1
selfsufficient.store,,,1
dewa222wow.com,,,1
wdgemoy2027.site,,,1
arenadagangjudi.xyz,,,1
vava4dwina.com,,,1
40d838d0cm296ndf6wwr.bungaslot.dev,,,1
colowinspc.com,,,1
kelasdunia.online,,,1
05.togel900-x.com,,,1
el1gsdhe34z4lg1j9egz.bungaslot.dev,,,1
jagoaneksklusif.live,,,1
ma003.tupay79a.live,,,1
www.zlato-stribro.com,,,1
mc001.banteng128b.online,,,1
forexajaib.info,,,1
3.jepe500play.lol,,,1
rtp-betwin188-selalu.online,,,1
c8.winterfresh.ink,,,1
datakominfo.kotaprabumulih.go.id,,,1
pendekar138tulip.com,,,1
link268rtpgampangmenang.ngahooterstour.com,,,1
lgfg6a8iktmcqu9fb54t.araitoto-x.com,,,1
betking88xa.site,,,1
czhdz42696.bgplay.us,,,1
syariahmandirixmpo555.pages.dev,,,1
melodi99gokil.com,,,1
idxstarboss.top,,,1
nemospin80.site,,,1
www.afterwin88jago.com,,,1
www.hotchkissgroup.co.uk,,,1
pokeralien-mantap.site,,,1
rajanaga777jp.online,,,1
slotbom77gcr.buzz,,,1
sakurawin-jd.space,,,1
mahkotaplatform.com,,,1
3.rtp-slot-gtatogel.com,,,1
mawarzeus.net,,,1
mag138kopi.art,,,1
polatop.rtpduatoto.pro,,,1
20iya777.com,,,1
empat.pns777link.com,,,1
rajajudi88jp6.space,,,1
www.wonderyak.org,,,1
rtp2.jitutesla.com,,,1
gama-1.happyjudi.dev,,,1
menang8website.com,,,1
id1gndjvim.dewajp.cyou,,,1
n0hru64ncu.kaskuskita.com,,,1
av019.ave189.com,,,1
singaitubuas.lol,,,1
rtpsingaplay.xyz,,,1
otobq9yifvhhoxbt02ug.bungaslot.dev,,,1
3hr4wo3qyoexuhla0mcv.gayatoto268.site,,,1
oke25.store,,,1
jnt6d.cfd,,,1
syd.asentogel.wiki,,,1
emperor268-ux.com,,,1
resmi9.situsbaik777.com,,,1
asiawd1109.store,,,1
kuarto138.top,,,1
n6ojnpq9ch.dota88e.life,,,1
pakbos188jaya.xyz,,,1
indomegatoto.vip,,,1
96upk6zu8p.gt108vip3.com,,,1
b2hq3byc5a.kopivip2.pro,,,1
ap8i.slot8808.fit,,,1
mabar96.org,,,1
rtpcuan-win178.hair,,,1
6xm4u881d8.kaskuskita.com,,,1
warnakitab4d.land,,,1
situs1.pakhoki.live,,,1
eth777.site,,,1
rtppelukbet.top,,,1
r8igdtki4g.pascolcool.com,,,1
kilat333.site,,,1
vmovee-official.site,,,1
jojo899sip.site,,,1
wahanaslotlk2.online,,,1
dompetkulit.space,,,1
vjcmz3ee7f.dino99e.one,,,1
bwo99-febsred.space,,,1
mpo17t.mudah-jp.vip,,,1
musimgokil.com,,,1
drone.zorro4dmiracle.com,,,1
ecrgr12452.unovegasidn1.com,,,1
pw5rk5c770ew0cwut4dr.bungaslot.dev,,,1
tahuwinbid.xyz,,,1
akunmaxwin.org,,,1
idrtoto38.com,,,1
shop.curatestaginganddesign.co.uk,,,1
44.wt707.fit,,,1
h6fhdcafjvciq0w876pm.jejetoto-268.site,,,1
romanobet-on.pages.dev,,,1
wg6owhezwt.botuna55c.click,,,1
www.loadingdockslc.com,,,1
neo108grats.xyz,,,1
tappmedical.com,,,1
zia34279.com,,,1
daftar.gacor368grup.com,,,1
peruenlanoticia.com,,,1
syphratus-id.space,,,1
gpbsnie8vi.prada55c.one,,,1
wd88-main.com,,,1
5gztn1bl66.top1toto199.com,,,1
dvtoto.site,,,1
paris123.cfd,,,1
arena369join.lol,,,1
tastejco.com,,,1
raffi88doublemajor.net,,,1
www.cumidarat.click,,,1
dana50ya.xyz,,,1
walawe.dekadeplay1.site,,,1
keasikankali.xyz,,,1
perang-138slot.xyz,,,1
hz2u68v87v.pascolcool.com,,,1
kudustotoresmi.org,,,1
gomugif.site,,,1
gospin303toto.space,,,1
ltqapwcm0c.slotbesarvip2.pro,,,1
top5totooallternatif.site,,,1
oriental66.shop,,,1
rtplabel138l.xyz,,,1
bebjackpot.xyz,,,1
bolang588jack.com,,,1
mbet338master.cc,,,1
colowinext.com,,,1
y8g89faih3wqnw3454kt.vdkgatheringpoint.social,,,1
rummy888vip25.com,,,1
alterkipas3.vip,,,1
ktp168-alt.shop,,,1
rogtot.com,,,1
www.spaceanugerahtoto.net,,,1
ryu4dseru.com,,,1
amp-gas1m-rtp.pages.dev,,,1
breadforlife.us,,,1
buah.koi288ocean.com,,,1
anitaunstopable.com,,,1
damrikuat.vip,,,1
blazernest.com,,,1
j53oblu1uhml6edtx3bn.bungaslot.dev,,,1
a8td82ro1a.bingo188e.sbs,,,1
95edwinslot-4d.xyz,,,1
abadislot8.org,,,1
3002-hkb77.xyz,,,1
bensunila.com,,,1
cemungut.pages.dev,,,1
plmenang88.com,,,1
ca009.monata189.site,,,1
aksesmulia77.quest,,,1
istanaimpian2.works,,,1
zl5oi74omvifreocl4lt.delitotomasuk.com,,,1
www.rtp69gsc11.xyz,,,1
da77live.pages.dev,,,1
vipbet88majestic.com,,,1
mawar800putih.site,,,1
amplagi-zengzhiyuan.pages.dev,,,1
zb-icha.pages.dev,,,1
asiawd888.store,,,1
spjam8gbireb6rhm.hiudufan.com,,,1
bio.bet,,,1
q10w01a4s4vb7scl96de.mixslotsuper.site,,,1
wlatogelvip.quest,,,1
topcaz.com,,,1
xdhfubcvk63zv4tc49pt.vodkatotofix.online,,,1
52.76.179.230,,,1
www.rubensmeatmarkets.com,,,1
batavia4dmania.com,,,1
idamanrtp.fit,,,1
sgatinggi.com,,,1
www.kravmk.it,,,1
dotmax99link.xyz,,,1
masuktunai4d.site,,,1
5200-hkb77.xyz,,,1
koi200.sbs,,,1
sortoto-pro.online,,,1
dbawiki.mariapps.com,,,1
1qba41tcat.top1toto199.com,,,1
hongjanji.com,,,1
dexwin88rtpwin.com,,,1
a.gengpg66.com,,,1
muara777-resmi.cyou,,,1
u0905f28hx.jaya4dxin.xyz,,,1
togaplaymoon.com,,,1
bangsawan39.online,,,1
klik99bol.xyz,,,1
jt8sce4bqd7rzpj7beip.jejetoto-268.site,,,1
1329gg.bet,,,1
autoslot88d.sbs,,,1
harian.promomawarslot3.site,,,1
3bsw.space,,,1
abc123x.org,,,1
omislot1a.store,,,1
owtoto.app,,,1
шидоайкидо.рф,,,1
binjaitotoultra.com,,,1
xpkg.domino4dfav.com,,,1
dipetikaza.live,,,1
lawasbiasa.com,,,1
uno808rr.cfd,,,1
gogelbetviral.website,,,1
rtpmangkokcun.mom,,,1
ww9.yukistar99.site,,,1
bbtotoindo.store,,,1
ras006.serasi189x.site,,,1
bn77f.lol,,,1
11win.bet,,,1
jowoo.pen4d.art,,,1
rajajp188enak.com,,,1
zjwof71vowi0hpcgya9j.bungaslot.dev,,,1
pecah11hidiw.online,,,1
rtp-erabet88.pages.dev,,,1
roomvipsabi20.shop,,,1
aiagent.bet,,,1
www.prediksikota05.com,,,1
lazncgwg2j.sontogel002.com,,,1
dewislot77bc.xyz,,,1
alt2026koibet4d.com,,,1
188.166.220.37,,,1
milenium88ragnar.xyz,,,1
w8gz.benderahoki.site,,,1
www.ituvvip.online,,,1
bege799l.site,,,1
s8dhi.cuan-banyak.store,,,1
vgsh88.com,,,1
wiraspin88.wtf,,,1
5unsurmagic.com,,,1
superwin303word.com,,,1
se7winakseslogin.com,,,1
lakuhiasan.com,,,1
ampkristenisasicuan128.pages.dev,,,1
bandarsbo2-5oo.site,,,1
mimibagus.art,,,1
l2olsgo7q5.jos55ku.pics,,,1
boatcast.jp,,,1
garongviphero.cyou,,,1
manila55f.sbs,,,1
teknisiponsel.lat,,,1
iclean.co.id,,,1
krhgaoe8qi.markas338dikawal.com,,,1
cloudway388.top,,,1
kaptenslot3.com,,,1
jaheharum99-pro.com,,,1
pangerantoto4.wtf,,,1
dqryp29292.pandawa88vip.com,,,1
linkcuan-ganas33.icu,,,1
tahuplaybro.sbs,,,1
rtpjuaraslot88lemon.xyz,,,1
103.90.248.218,,,1
nastarkita.com,,,1
ms-menang2.store,,,1
bapautoto5.online,,,1
juraganrtp.art,,,1
hijauwinreal.space,,,1
tigerbet388.me,,,1
马秋元.ink,,,1
ares.wangsa787mantap.com,,,1
ethesis-info.pages.dev,,,1
2.sega4dkuy.live,,,1
n382pfpse9xjrxlbmb5w.bungaslot.dev,,,1
www.kisarantotomanjur.com,,,1
rajajp188yuk.com,,,1
winmulu24.com,,,1
haruspaste4d.site,,,1
king-of-judi33.quest,,,1
maingalaxybet.net,,,1
octavip.site,,,1
bjr98syp9unkjramxfgt.bungaslot.dev,,,1
www.victorytotox3.com,,,1
kudustoto3.online,,,1
q8.winterfresh.ink,,,1
sojus88.click,,,1
langit88game.xyz,,,1
kamarresmiicaku.shop,,,1
jyjy2.buktijpmwr1.site,,,1
cuansyndicate.site,,,1
rlixfpzlicer43u9qwyv.bungaslot.dev,,,1
link2-dewaasia.xyz,,,1
link12.ligaubohoki.xyz,,,1
9864ea3nz1.kaskuskita.com,,,1
eziuctklv3.prada55paten.vip,,,1
huraskandal.site,,,1
warisantoto.net,,,1
ye95e0vclyniqz5oclju.bungaslot.dev,,,1
poltarkencang10.com,,,1
piktoto1.online,,,1
lapan8h.cloud,,,1
dvflhbos62.slotbesarvip2.pro,,,1
poliwrath.rtp-mahjongjp88.com,,,1
pv3h5mfa2g.kaskuskita.com,,,1
babon4dcake.site,,,1
toko56senang.shop,,,1
borneo303-vip.site,,,1
senopati4d-2ik.pages.dev,,,1
sahamhost.com,,,1
cupuresmi.com,,,1
nollapan0226.baut777.one,,,1
klop25.kdslo.com,,,1
ugwin288vip7.vip,,,1
web02.jayabola.fyi,,,1
main-mpokita.store,,,1
axas888.com,,,1
brandingsubur.com,,,1
ball.loginsitus8888.online,,,1
girang4dmeroket.club,,,1
dunia108men.com,,,1
rtpgacor.totorawit.info,,,1
wis77-mighty.com,,,1
master222.com,,,1
r7vn.oyamurayama.com,,,1
agenpiala805.ink,,,1
win138z2.com,,,1
ampblsgacor.com,,,1
ular8.infopromo.site,,,1
lee.datukwin.org,,,1
gpp.tomanku.id,,,1
indo4d-j.com,,,1
wa.agenn888.fit,,,1
totokitagem.xyz,,,1
araslot88ampuh.store,,,1
buntut2026.site,,,1
a15.hdtogel.vip,,,1
27yrmrvjd4.kaskuskita.com,,,1
f200m2026.xyz,,,1
companylibra168.com,,,1
rtpbom29make.xyz,,,1
atm4dump.top,,,1
trikjepe.mc303center.site,,,1
takurup.com,,,1
mekyfrg98jfj1mwhe83x.bungaslot.dev,,,1
exnes4d.us,,,1
main.kopertoto.site,,,1
u9kk0la7et.jumbo189.com,,,1
laskarmain.site,,,1
mentozs4d.com,,,1
qqdewilp.com,,,1
asbo-la.com,,,1
www.mpo8821papua.com,,,1
tarik4d2.co,,,1
m11slots.com,,,1
3ulq8utcsn.ltdtoto002.com,,,1
beb88-teknikmax.site,,,1
ingatholyslot77.store,,,1
zm005.zuma78.store,,,1
puritogel88-poster.site,,,1
bonaslot-cair.shop,,,1
sakauslebew.site,,,1
nationalkidneycenter.link-oke.click,,,1
jp.gg-tokyo.com,,,1
ads5.rajajago.app,,,1
link3.sultandanatogel.org,,,1
755quwo3dzrwrp6sotyn.ibox4docean.net,,,1
4fzp2pg1ef.asgacor.pro,,,1
moyangberkah.xyz,,,1
sutrapesta.store,,,1
c15xctekfb.top1toto199.com,,,1
eurmu887wj.briotepat.com,,,1
j8decasino3.com,,,1
3sgp4d.fit,,,1
winslot8jaya.net,,,1
macankali.info,,,1
probet855.co,,,1
biur3xv48v.top1toto199.com,,,1
fortsteamkeris2.click,,,1
laramantap03.com,,,1
www.king999alam.com,,,1
apk-slt123koi.haitogel.lol,,,1
senopatibola-jitu.pages.dev,,,1
kudetabet98achievejackpot.com,,,1
r34h9677g2.top1toto199.com,,,1
sunplazabola.com,,,1
3hd3i4ufffpyvhyromum.bungaslot.dev,,,1
vonza.com.se,,,1
ads15.adscoli.site,,,1
ntday.mpomustzone.pro,,,1
rtp4.bintang78.live,,,1
bebtotoamp6.bigbossgacor.com,,,1
uban4d1132.site,,,1
resources.betx.bet,,,1
liganusa3.net,,,1
ppb88.xyz,,,1
playndx-bento123.xyz,,,1
badai-2.pages.dev,,,1
hoki.primeshadesblindsanddoors.online,,,1
bapautoto5.live,,,1
333hokia.pages.dev,,,1
link3.hkdlancar.online,,,1
bus4deg.sbs,,,1
pandacloudspin88.com,,,1
www.superwealthtraining.com,,,1
ganeshenggcollege-research.pages.dev,,,1
www.rabiahospitals.com,,,1
mujur505first.com,,,1
rajatoto3cup.com,,,1
pecahgogo.site,,,1
rajajudi88jp6.site,,,1
dewabola88wow.vip,,,1
sn005.sinaga79.online,,,1
ultislot88cuan.online,,,1
hhen6azerr.hugo77juara.biz,,,1
japanjipin.xyz,,,1
33x2yx1204s4eudcvhnc.gayatoto268.site,,,1
kurir89promax.com,,,1
sktlogin.store,,,1
ihip-mohfw-online-v1.pages.dev,,,1
dunia777ultra.ink,,,1
molasayang.xyz,,,1
idngglink.com,,,1
w1z7b9zd0jox9zun0788.araitoto-x.com,,,1
naskahtoto.com,,,1
vpmwgu3tw7rvpwwu9v5j.bungaslot.dev,,,1
e200m-win.store,,,1
1februari.selalubahagia.com,,,1
ras007.serasi189x.site,,,1
linkvipgr303.skin,,,1
rtpslotgacor-fusototo.pages.dev,,,1
www.glorybet77-u.xyz,,,1
panen123ryl.lol,,,1
them26.togelkds.com,,,1
mytekat4djp.info,,,1
jalakbest.info,,,1
buntogelwba.com,,,1
vk4byufpaetn7992x33s.bungaslot.dev,,,1
3bsw.shop,,,1
king88online.space,,,1
0mp2sk6c2m.top1toto89.com,,,1
1wallet.bet,,,1
hqb88x.com,,,1
z3y3s3joasvp9nam54le.jpmania-resmi.com,,,1
ferraritotoin.xyz,,,1
garasislotmain.com,,,1
hfs4s4y0zjc3xo4oyewh.bungaslot.dev,,,1
kiostoto-wdwd.xyz,,,1
m.9kwinneri.com,,,1
389sportsbiru.com,,,1
y1y9uc0b5r.petarunghandal.cfd,,,1
rute303-top.site,,,1
amp5-idrslot138.net,,,1
doraplay88k-amp.xyz,,,1
capacitacionesempresarialesecuador.com,,,1
kingbokeb.org,,,1
home83329.com,,,1
fish.ac99playindx.vip,,,1
pgb49.site,,,1
tiketjpslot.xyz,,,1
kopral858.com,,,1
takureasywin.xyz,,,1
dc5ugpiv69.rudaltotoking.com,,,1
indahslotjackpot.info,,,1
qygtnkux53p2ix588ozg.vdkgatheringpoint.social,,,1
8februari.landakmeledak.com,,,1
e2k1wxilpz.top1toto199.com,,,1
4.nomorangkasa.info,,,1
www.lyndiinthecity.com,,,1
abkslotjoker.com,,,1
motowin77a.za.com,,,1
topovo288.xyz,,,1
11rtpceria777.info,,,1
link2.gacoan.net,,,1
dermagawin.space,,,1
www.polarisaus.com.au,,,1
dedealter.store,,,1
nagaraharja.com,,,1
server.seni108maxwin.com,,,1
boomingberuang.com,,,1
koipredictionelders.org,,,1
sayabet9.xyz,,,1
dx005.dw77x.store,,,1
mainnyalabet.net,,,1
slotrtp-tribun.pages.dev,,,1
kecubung788apk.com,,,1
gg.shopislot-maxwin.blog,,,1
jitu33af.com,,,1
calo11play.shop,,,1
gpn6r0jm1x.kopivip2.pro,,,1
kotavegastoto5.com,,,1
hoki168id.life,,,1
8o4lkn8qu4hsx9kwcmdy.gayatoto268.site,,,1
2noah4d.resmi5.com,,,1
syphratus-id.online,,,1
huayworld.bet,,,1
borneokota.com,,,1
loxlcoivhz0kfvt8866p.jpmariofixx.site,,,1
jambigtr.site,,,1
olx88jos.com,,,1
171kingkoi88.shop,,,1
hl303-ms.space,,,1
2226.bet,,,1
dewahutan.xyz,,,1
fu4utsh6e9krnoyws0q5.bungaslot.dev,,,1
edutoto-masuk.blog,,,1
liga365qris.com,,,1
galaxy6623a.com,,,1
a5d9pk8t9b.sontogel002.com,,,1
tu008.takeru365.live,,,1
a38gqgd5rrhdzhoaiyzx.ratuselot.site,,,1
skofficial.id,,,1
coloklagiwangi01.org,,,1
rtp6-sloki88.xyz,,,1
angproof.com,,,1
kilat333-brand.shop,,,1
www.hstotoalter.com,,,1
kuya4dpro3.cc,,,1
ampareamahyong.com,,,1
dragon.joker11alternatif.com,,,1
vvip05.wartegroyal.xyz,,,1
v5.winterfresh.ink,,,1
jarumemas.xyz,,,1
viralselir188.boats,,,1
mazo168-vixm.store,,,1
revistalaventana.cucsh.udg.mx,,,1
main3.rtphotelbet.net,,,1
dul10.fundulto.online,,,1
rsg2.vipnatunatoto.site,,,1
joinbostonslot.fit,,,1
l6ads1.sumselampera.online,,,1
panen100wow.site,,,1
sobat-baik-google.pages.dev,,,1
alt-kayaa.pages.dev,,,1
wa88masuk.cyou,,,1
ketua66nyala.site,,,1
shoop.rajawinjp.art,,,1
ub0kqjsejb.situsasahan88.com,,,1
firstplay88cloud.com,,,1
fitri4d6.sbs,,,1
www.raja138makna.com,,,1
rtplihatwarkop69.xyz,,,1
43engkol88.com,,,1
ewqrrcyzfq.vegasvip2.pro,,,1
zemlya-chita.ru,,,1
d2.winterfresh.ink,,,1
infowarungterkini.com,,,1
rtpmarjan898menang.store,,,1
tweedvalleyweekly.net.au,,,1
beku4did.site,,,1
x5zrwnnyvi.jumbo189.com,,,1
kompak4dbola.com,,,1
vqwftey2no32ut8msg3s.bungaslot.dev,,,1
sabdamerah.biz,,,1
qog2.ngawimasukkedua.com,,,1
rdbkbk2jqpsjiz7w07fx.vartotolola.com,,,1
mc001.baginda189b.online,,,1
rusiaslot88cx.top,,,1
akaroket178.site,,,1
omni4db.beauty,,,1
i015fcj0f6.rotogelas.xyz,,,1
prima777d.top,,,1
superspin77.net,,,1
spapk-lotusdewamobile.shop,,,1
spinslotlogin.shop,,,1
mercy.starlightarcher1000.online,,,1
rtppay-tempogacor.pages.dev,,,1
rtp-jgk99.xyz,,,1
aksesolxgg.com,,,1
ibyq2j65sx.petarunghandal.cfd,,,1
rtpdentotonew.online,,,1
marjan898atas.com,,,1
slot90hdd.xyz,,,1
xyttss0idw.wakandaslots.com,,,1
rtpvalidtribun62.xyz,,,1
seven.vegazr.site,,,1
rtpakun10.click,,,1
rtp-kurir89mntp.com,,,1
pol4donterus.fun,,,1
apk.bbfstoto.win,,,1
legianmax.com,,,1
linkrajajudi33.homes,,,1
depogacor.dws88.net,,,1
tentenslotgaming.com,,,1
zientoto9032.com,,,1
super.dolly4dofficial.com,,,1
monet11x500petir.pages.dev,,,1
hwgslotbuka.com,,,1
akarjituvv.xyz,,,1
wiraspin88.one,,,1
play-moli.net,,,1
rtp-super89live.hair,,,1
rtppasti-dewakoin.xyz,,,1
pintu6.is,,,1
org.リッチ.icu,,,1
renom268mantap.cfd,,,1
inijnt188.net,,,1
x3g53mvg1e.slotbesarvip2.pro,,,1
satelit7.tokomajubersama.com,,,1
garudaraja.online,,,1
jgtpir5x6g.gt108vip3.com,,,1
hpwr9xto9bpp0vb5b2wd.bungaslot.dev,,,1
rtpjayatop77win.ink,,,1
judol303saj.xyz,,,1
krocobet-amplanding-1.pages.dev,,,1
dewa1000memori.com,,,1
adamtoto-61.com,,,1
bibirtotostrong.com,,,1
atcuan77.net,,,1
menanguno11.xyz,,,1
vakbxtirbp.linkrtpgs99.com,,,1
boskoin1000.online,,,1
java303kawan.com,,,1
dangdut4dking.xyz,,,1
pphoki77.bet,,,1
indobebas.org,,,1
presidencc02sat.sbs,,,1
tante4damp.quest,,,1
coresolana4d.top,,,1
dipo4dgemez23.lat,,,1
buahhokisuper.site,,,1
mem.m9winhebat.com,,,1
ikanbetutumakansaus.com,,,1
m8jk.rumahracun.com,,,1
vodkatoto4.rtpcgacor.com,,,1
24.bisnis555.fit,,,1
kïpas99.com,,,1
mainslot88yes.com,,,1
hwokibnih.info,,,1
gurih898reborn.store,,,1
dana37822.com,,,1
www.888slot83.com,,,1
turu99fire.ink,,,1
riangimlek.info,,,1
rtmp5f5ywl.top1toto199.com,,,1
galaxy898blackpink.com,,,1
rajapools6.forum,,,1
kapaljitu.xyz,,,1
publiciptv.com,,,1
www.galaxy77landak.com,,,1
rtponlinegila138.komunitasku.sbs,,,1
www.cuan128info.org,,,1
rtpsensasi55.site,,,1
log2kino.info,,,1
z4.winterfresh.ink,,,1
dewa88jaya.store,,,1
americanmaplemuseum.org,,,1
semua-sayang-tigan.pages.dev,,,1
login29.bantengmerah.online,,,1
1dewislot77.com,,,1
keceslotads.com,,,1
www.jualpupukkompos.com,,,1
emas55saja.space,,,1
granger88y-amp.xyz,,,1
17.promokvtotowin.pro,,,1
edatoto553.com,,,1
4969zkk9u9.vwvip2.pro,,,1
2eg4h4ph4t7wo3tzr60i.jpmariofixx.site,,,1
akses7.mixslot-x.com,,,1
amp.knowdonia.com,,,1
tuansemar.quest,,,1
rtp25.livetahta.com,,,1
boyabet88spark.com,,,1
thenorthwoodscheesehaus.com,,,1
165.245.144.129,,,1
5869393403049359.com,,,1
waduk700merdeka.fit,,,1
arashoesportugal.com,,,1
www.sintotox1.com,,,1
kjx2j6yn1weboj9l9i4g.ratuselot.site,,,1
www.captainspirit.com,,,1
rtp1hemat138.pages.dev,,,1
ms27.14kami4d.xyz,,,1
bigo899ok.cfd,,,1
deltabet88strike.com,,,1
www.sloto89sedang.com,,,1
www.raja77lambat.com,,,1
linkgacor168.site,,,1
ranjau4d11.com,,,1
l9oye55r6upw1rbsg9ii.bungaslot.dev,,,1
1329j.bet,,,1
02v0.domino4dfav.com,,,1
alt1.alamat.vip,,,1
nicewin88shark.com,,,1
oriscepat.com,,,1
kobe4dmerah.com,,,1
grt.kris8.com,,,1
abcwin386-main.cfd,,,1
h7itf500vn.briotepat.com,,,1
suka86-jutawan1.site,,,1
lido88cloud.com,,,1
777w.bet,,,1
dewa777resmi.store,,,1
shop.makeitsow.com,,,1
gelomen100.site,,,1
toto12speed.online,,,1
bharatdarshantravels.com,,,1
bidwin88war.com,,,1
ktg88akses.sbs,,,1
bilan5.tasiktotoresmi.one,,,1
bglijnfe8uewqbfinofv.online,,,1
su009.sakura189.online,,,1
horastan270.store,,,1
playwin77oscar.com,,,1
link8.pastikayabet99.top,,,1
ac004.anakdina88a.store,,,1
mi6vcp8y0n.asd123vip2.pro,,,1
army88gasss.space,,,1
iramabro.site,,,1
lagagame77online.org,,,1
2z58xpnbde.jaya4dxin.xyz,,,1
234togelxie.com,,,1
dewabos138win.cfd,,,1
29.bet,,,1
rtpkhtyey.xyz,,,1
brsyq31022.dgsking.vip,,,1
jepe.bibit4d.ink,,,1
link4.gacoan.net,,,1
rtpbck21.prohostup.com,,,1
ng303afklkijwc.site,,,1
ponselxiaomi.lat,,,1
sulap777.com,,,1
rajaprimbon.space,,,1
1329a.bet,,,1
jurnal.polkesban.ac.id,,,1
jpmania25.jpmania-masuk.com,,,1
casifree.fun,,,1
dobcbfecjyilpodnnqb5.bungaslot.dev,,,1
www.rusolidarnost.ru,,,1
vip2.khusus4d-xyz.monster,,,1
t0y0tav1ps0bat.top,,,1
bosjppertama.pages.dev,,,1
wj9cpnqgwj2pqytemxyb.ratuselot.site,,,1
71ce.bandarlotre-1.com,,,1
kj16.sanca77.net,,,1
netizen303mephisto.pages.dev,,,1
투아크가코르.space,,,1
rajabandotmacau.us.com,,,1
topan33rtpcobadah.com,,,1
iecbdijakarta.kemenperin.go.id,,,1
morph365real.asia,,,1
ldk88ganas.sbs,,,1
papasenang2026.xyz,,,1
5h4d0w4r3n4.jatengtoto.app,,,1
byon88-dyon88p.com,,,1
sbelas5.jambiversace.com,,,1
icafe4d-win.quest,,,1
9umhdped574ef7y7u3xe.mixslotsuper.site,,,1
pintumenang-03.cfd,,,1
t9e62tercd.vegasvip2.pro,,,1
itlaman.site,,,1
m7.winterfresh.ink,,,1
o4y2zawq55.rtp-lohanslot.com,,,1
dewislota.cyou,,,1
25msislot.info,,,1
permenidx.top,,,1
dongjituslot.dynadot.click,,,1
wwm8md3ohtuoeaoki6ck.bungaslot.dev,,,1
m0t8.saudarapride.com,,,1
masuk.pajerototo.site,,,1
totalcasino-poland.net.pl,,,1
happyhjd.space,,,1
nagamodal.com,,,1
39d2ckelxj.top1toto199.com,,,1
ejournal.stikesrshusada.ac.id,,,1
modal4dcepat.com,,,1
ososlotv1p.site,,,1
vslot88.org,,,1
telorbalado.site,,,1
dewa1000-terlintas.com,,,1
cermin303ear.com,,,1
rtpgopek178-v3.pages.dev,,,1
mpo8899fans.com,,,1
ponislothub.rest,,,1
ler.datukwin.org,,,1
mxpjt12040.slotid88bagus.com,,,1
pgdewa-alternatif.com,,,1
suksesjitu-rtp.xyz,,,1
indovipdaftar-amppage.site,,,1
77lvcp.seni108maxwin.com,,,1
alexisgg-qris.com,,,1
allinsurgaslot777.website,,,1
parisslot5.bdqp800.com,,,1
beruangplayingads.art,,,1
pgzub7wwhebqn0lpfqdq.ratuselot.site,,,1
healingarkhomehealth.pages.dev,,,1
viamotutti.com,,,1
www.rtpfpbaru.com,,,1
www.totonesia5.icu,,,1
rjtweb2.casa,,,1
www.pragmatic77bed.com,,,1
gen4dpup.com,,,1
koibet4dfbads1.com,,,1
k9lffrmei9.botuna55c.click,,,1
mixslotsiap.com,,,1
cbrvip37.site,,,1
5ov4prpzh2.prada55c.one,,,1
game005.texas189a.site,,,1
naga99link4.shop,,,1
amo88midasjackpot.net,,,1
gg301.bet,,,1
bel4dbantul.com,,,1
p5li8btse5.vegasvip2.pro,,,1
tokoku.shop,,,1
1.pola777official.online,,,1
dragon69jump25.com,,,1
indoluxuryonline.site,,,1
ras-capt007error.club,,,1
pragmatic11a.store,,,1
bahanbaru.live,,,1
link13.koko88.website,,,1
c4c1jlkb5xtni69lfbjm.araitoto-x.com,,,1
pphoki-888.top,,,1
suksests.top,,,1
ant.jjclarks.club,,,1
0begh6o1sz.top1toto199.com,,,1
mediatuak.shop,,,1
www.babautomation.com,,,1
yakin-menang.site,,,1
81.spin707.cam,,,1
top805go.fit,,,1
ligabndr3.com,,,1
mambawingame.store,,,1
laskarvip-puncak.cc,,,1
w1h8s4xp9idflqdlq7wx.bungaslot.dev,,,1
jawaponsel.lat,,,1
rtp03.lingkaran78.live,,,1
sr9h7cldau.vwvip2.pro,,,1
bolasenjapusat.com,,,1
server15.jagoan88daftar.cfd,,,1
resmi1.musang288gucci.com,,,1
sl4ecn5adcfiiunrlb30.bungaslot.dev,,,1
myukirslt.com,,,1
garuda62laut.com,,,1
spin889hs.com,,,1
rupiahtotoindonesia.com,,,1
bandotslotjiwa.com,,,1
hanslot88.estate,,,1
103ibisawin.com,,,1
hokipetik1.store,,,1
kasih4d145.site,,,1
angker4d-lesehan.xyz,,,1
g1zhiz9rto.nw4-koi388.com,,,1
cang.dapatjackpot.site,,,1
h3npxmept06yaot0xe5g.bungaslot.dev,,,1
t9.winterfresh.ink,,,1
bakmibet.monster,,,1
masuk.prediksip7.pro,,,1
agam66bos.com,,,1
app.mawar189c.store,,,1
tgel88max.org,,,1
se7athena.com,,,1
longdellinn.com,,,1
congor4dgo.com,,,1
www.rejekigames007.xyz,,,1
idn789.bet,,,1
uqfwzmay86.alamperkasa.sbs,,,1
cair50.yachts,,,1
rajaking.pro,,,1
bandarliga-bd12.site,,,1
ritukirasoi.com,,,1
saber99.online,,,1
maintst4d76.sbs,,,1
ojho4fgwhl.nasa-toto.com,,,1
0mnt0khno0jkflsgrnoz.bungaslot.dev,,,1
home-linkgedekbet.com,,,1
tugu88vip.icu,,,1
pf514myiep.n69gacor.lol,,,1
n2zqkj6zo42lh2qvlpkh.ratuselot.site,,,1
mantap.rtp-barudak78win.com,,,1
bo7frbuuux.pascolcool.com,,,1
macauslotlog4.shop,,,1
medbued2nm32ps8umhrd.bungaslot.dev,,,1
bot1425cn.my,,,1
abangempire15.xyz,,,1
menangjanda4d.xyz,,,1
os3k.domino4dfav.com,,,1
tiketpakhoki.org,,,1
mpotower19.xyz,,,1
olg777galaxy.com,,,1
ptligagacor.com,,,1
gacor.airgunungmyoboku.com,,,1
3not6izx4o.botuna55c.click,,,1
www.masaangkanet4d.net,,,1
23.habawin.gg,,,1
fyp805g.online,,,1
lambe303-b6z.pages.dev,,,1
b6.winterfresh.ink,,,1
p138burnley.xyz,,,1
heuhw8ngqa.vwvip2.pro,,,1
zgk9ypdp2l.lohan-slot.com,,,1
z05o.bantenhero.cloud,,,1
tunasjitu.org,,,1
qqwin4donterus.top,,,1
gacor4.impiantoto35.com,,,1
puncak303-rtp2.pages.dev,,,1
wakanda33casino.com,,,1
dian4d6.cyou,,,1
populer4df490.pro,,,1
mengy29165.vegasgg1.com,,,1
www.holywin88masuk.com,,,1
ronaldoslotclan.com,,,1
hydrauv5iy3.magetoto.one,,,1
sebelasabadi.com,,,1
rajaprimbon.work,,,1
sekaitotopredator.site,,,1
bos138pkr.top,,,1
sbelas7.brojp-stayfun.com,,,1
kribo88super.com,,,1
amd303idol.com,,,1
freetron.in,,,1
alt6.gardatotoo.com,,,1
x9k25wf4uf.sultan33i.lat,,,1
gampangmenang17.vip,,,1
jto.co.id,,,1
ninja-r10.rtpni1.com,,,1
amp.futurefurniture.shop,,,1
linepenyujitu.com,,,1
playplayfun.com,,,1
kamarponsel.lat,,,1
team365sbo.xyz,,,1
nusajudi-gokil.store,,,1
aplikasi-gopay178.xyz,,,1
qq365-b1.online,,,1
dolly4dbonus.com,,,1
tarikmanis.com,,,1
qzgon09wvadov4082010.sakutoto990.com,,,1
ajo999-join.site,,,1
toyota99f.xyz,,,1
citibet88b.pro,,,1
hbojp33.info,,,1
angkasajp2.com,,,1
lbgea43505.portalskor.pro,,,1
byxtraslot.xyz,,,1
bazartotoapk2.com,,,1
mo002.mafiabola77a.online,,,1
orisasik.com,,,1
idr108jepe.com,,,1
win79cihuy.online,,,1
kampungbola99.bid,,,1
88ykg0.oyamurayama.com,,,1
level.badutcore.xyz,,,1
mantap89zone.shop,,,1
max.rtpcamarjp.shop,,,1
oa1lmuqhg1.betavip2.pro,,,1
vso777pro.com,,,1
mampiremas.com,,,1
dragon69kez.com,,,1
nesiabetterbaik.site,,,1
aromatotonut.com,,,1
paketobengbet.com,,,1
j40ozc8q0y.nusantaravip2.pro,,,1
pilartotoindo.store,,,1
doktertoto2alter.com,,,1
noltujuh0226.baut777.one,,,1
ratuluis.com,,,1
konohatoto78puspa.com,,,1
codharum.com,,,1
www.k9ark.xyz,,,1
misteruntung88obsidian.xyz,,,1
loginljo777.online,,,1
link10.pokeramd.online,,,1
jodohplay.pro,,,1
kenzototoindonesia.site,,,1
qris711sadd.com,,,1
alt5.andara77mantap.com,,,1
tgl02.com,,,1
paham4dsuper.com,,,1
areabentuk4d.art,,,1
ampbeluga99.space,,,1
afw.j99slot10.space,,,1
rajaboslogin.com,,,1
etnda852je.jaya4dxin.xyz,,,1
lwoihzcpl9knrhcgo1wv.cie4dhome.com,,,1
ggmenang8.lat,,,1
neraka888m30.xyz,,,1
fun.apibetrtp.com,,,1
rtpslotdingdong215.com,,,1
kita-groupvn.com,,,1
z01ga9uey6u2bisa682l.bungaslot.dev,,,1
win88bluee.site,,,1
mawarmain.com,,,1
ml004.putrawin78c.site,,,1
wong87-hk.site,,,1
deltaslot88untung.xyz,,,1
capcuslagi.work,,,1
rtpnaskah.pages.dev,,,1
okgas21class.com,,,1
marikayabersama.com,,,1
kosmikhero.info,,,1
lvonlinelagi.life,,,1
tahuplayjp.website,,,1
ternakwinlogin.com,,,1
dolasakti.info,,,1
rtpunsurgokil.xyz,,,1
regis-4.pola777resmi.ink,,,1
rtpsuperpas77.quest,,,1
surgaggsakti.com,,,1
lamoureph.org,,,1
timnasyupi.com,,,1
lunaplay-macau.com,,,1
login2.rejekijp99.com,,,1
x2fughijfs.bosbca.cfd,,,1
honggemoy.com,,,1
csbt4n9ulimxzcoc2ogy.myjpcash.com,,,1
nusantara4daussie.cfd,,,1
kaskusfun.com,,,1
gfzr.domino4dfav.com,,,1
bos138pg.ink,,,1
8smaf3y8mr.gt108vip3.com,,,1
boxprasastigaming.site,,,1
ayg.rtp-iblbet20.lol,,,1
pschxhnejf.pai-togel.com,,,1
paytogel1126.com,,,1
afktotowine.com,,,1
50wmmfhkkvjlqznna8bf.ratuselot.site,,,1
pusatcnn303.com,,,1
spv88jp.com,,,1
nketu9a9tg.dota88e.life,,,1
amp11.tesladestroy.com,,,1
visi4dpgr.click,,,1
sriwijaya1.com,,,1
pasukanprofit.com,,,1
rtp10.rtpgaruda62.com,,,1
suksestribun62.pics,,,1
sn008.sinar79a.store,,,1
facaitotomax.info,,,1
u3pw4dg6fx.rudaltotoking.com,,,1
jagoanspind.xyz,,,1
un4ycc8u.piringtoto.dev,,,1
n3134knhcq9a6spt8yxr.bungaslot.dev,,,1
civ.iptpo.hr,,,1
taipan3388-1.rtptaipan3388.click,,,1
noldua0226h.olxtoto.dev,,,1
link9.j0kerscmalt61.com,,,1
sobet88gcr.top,,,1
sawihijausegar.store,,,1
ducati777en.com,,,1
horas.segadong.info,,,1
huathitoho.com,,,1
gacorslodjkt.com,,,1
aphrodite58f1r.sekali.bet,,,1
parimatch.4ua.com.ua,,,1
ponkichi01.com,,,1
138buayartp.sbs,,,1
q9ebrl.sumselampera.online,,,1
geng82920.com,,,1
macanslot138al.store,,,1
luckygopay69.com,,,1
zeus88titan.live,,,1
rtprupiah138won.xyz,,,1
skandaljule.online,,,1
migo88situs.site,,,1
m1lcaau2g0.vwvip2.pro,,,1
m0.winterfresh.ink,,,1
best2026.ori33.space,,,1
11kaisarslot88.com,,,1
imlekeyang.ink,,,1
winwin838rtp-7.shop,,,1
asxjasiakd.menujuoli4d.com,,,1
dompetberkilau.site,,,1
wa88asli.sbs,,,1
coinbetasia.org,,,1
deltabet88xyz.com,,,1
swithstephola.click,,,1
mlb789cash.site,,,1
link205.bociltotocs.site,,,1
mb-alt2.online,,,1
v1.surya-88.com,,,1
lippototo-5302.xyz,,,1
kilat1000gate.com,,,1
hanya-sekali.pages.dev,,,1
tiga6.tegalmedusa.pro,,,1
blbgaming25.com,,,1
ratupoker88view.ink,,,1
teamwish1.space,,,1
lemacausoft.xyz,,,1
badaktotoseven.com,,,1
superliga8000.com,,,1
d9.winterfresh.ink,,,1
erosdym8xe.sekali.bet,,,1
8fm8qfgx6b.dota88e.life,,,1
www.naganotonic-health.com,,,1
damaisosial.bond,,,1
chexx.cc,,,1
idcoin188web.xyz,,,1
puspamiaw.site,,,1
grand88neo.com,,,1
pgs1000.store,,,1
satuberlimpah.linkrupiah.bet,,,1
kitadigisl0t6.lat,,,1
19k848ujxu.top1toto199.com,,,1
rtpguacor-ulti188.lapanpohon.com,,,1
p2wkg9wupf.nusantaravip2.pro,,,1
customer-service-tayang4d.pages.dev,,,1
skrikkoke25.ink,,,1
ahliqq28.org,,,1
www.mensairmaxnike.com,,,1
herman.winterfuns.shop,,,1
benuatoto1alter.site,,,1
rtpmw68.site,,,1
bankert0to2k26.com,,,1
osg888cx.top,,,1
bfrpo8r05r.slotmantapviral.com,,,1
blog.sakee303.ink,,,1
makansosis.mom,,,1
taysentoto.pages.dev,,,1
5p5tmppgcf.dino99e.one,,,1
euakyl7u5jxdlxyyiffs.ibox4docean.net,,,1
gbk15.jepe.click,,,1
monk4d-sakti.sbs,,,1
ptliagnew.com,,,1
tekanslotmantap.shop,,,1
nbslu47857.dewaterbang1m.org,,,1
hohu3spztx.rtp-rans4d.com,,,1
cafe4df.space,,,1
mainslotid.online,,,1
tanganjudi17.store,,,1
www.qahana.am,,,1
arwana500kami.site,,,1
tongkatnaga88.store,,,1
belegendbet-amp7.pages.dev,,,1
olenation888web.com,,,1
omudracula.com,,,1
win1131.doctor,,,1
1mumunbet.com,,,1
bodycreatine.site,,,1
1em7.benderahoki.site,,,1
wwtoto2aalternatif.online,,,1
lincahbgd.com,,,1
slotaladinmedan.com,,,1
beranibro.icu,,,1
gwin4dlink.pages.dev,,,1
p1j079fpco2yggpoyetk.ibox4docean.net,,,1
ososlotnew.com,,,1
spesial4dtrue.site,,,1
tujuh19.kediritotovip.pro,,,1
4xwugabaf53ngnzh1503.vodkatotofix.online,,,1
wiq8mjd3mt.cariepictoto.pro,,,1
0kq6jmqnum.kaskuskita.com,,,1
rtpobltogel.biz,,,1
armada777vip16.shop,,,1
umatoshika-event.com,,,1
rtplancartoto5.site,,,1
gacor69ada.blog,,,1
satuhari.linkrupiah.bet,,,1
jinx-pro.live,,,1
serujuga.dosentoto.space,,,1
copa99prly.lol,,,1
www.otaku88one.com,,,1
primajaya2.ink,,,1
1hzcilgobt.top1toto199.com,,,1
bdgacor88one.com,,,1
dutampogemoy.xyz,,,1
akzcwih2lo.gt108vip3.com,,,1
amp.ojolterbaikasia.art,,,1
campion33.org,,,1
cuanego777.com,,,1
blog.cutesycup.com,,,1
3r6-9rtp.site,,,1
1329jj.bet,,,1
vrtekno88.store,,,1
rindugacor.io,,,1
jetsadabet.bet,,,1
crashgames.bet,,,1
plsbt88.site,,,1
slotbangjago88u.com,,,1
slot988tiger.xyz,,,1
9ghopa7gubn44eqafczh.ratuselot.site,,,1
wen4draya.com,,,1
aerobintaro.site,,,1
kasinociobet88.site,,,1
gth.bet,,,1
dubaislotcc.sbs,,,1
s65new.com,,,1
ii-ai.02jamuslot.com,,,1
surya100club.site,,,1
kilat78-48.site,,,1
jamtotopusat.com,,,1
amphalojp.quest,,,1
box138gang.xyz,,,1
ezhh1yd8vl.kapital4dcuan.com,,,1
ketuasusislot.com,,,1
opaslotvip.com,,,1
arwana500site.com,,,1
1mlvllyoaw.markas338dikawal.com,,,1
4.pesjitu.com,,,1
81nrpwrv3z.top1toto199.com,,,1
ampfeastcateringabout.pages.dev,,,1
uwac3t1jgb.top1toto199.com,,,1
apk-ppzeus.panentogel.fit,,,1
6.royal707.me,,,1
ccjj2.xyz,,,1
ruangmktoto.cfd,,,1
kasih.daftaristana.vip,,,1
zonaverse.online,,,1
dollar4dit.com,,,1
d7rjs3p0c3.dota88e.life,,,1
rtp2.rtp-balon99.com,,,1
merabsp.com,,,1
telkom4dplay.com,,,1
zonagacor13d.com,,,1
kudetabet98actionsjackpot.net,,,1
nama138gerd.lat,,,1
kzmejybuke.nusantaravip2.pro,,,1
zcwxrnw2lp.trik-pai.xyz,,,1
www.greencare.com.sg,,,1
togaplaychallenge.com,,,1
ayamjpyeah.com,,,1
888togelc34.com,,,1
esadomm.com,,,1
pencethoki.boutique,,,1
rumahbt08.com,,,1
pecinta4dsbo.xyz,,,1
winning568bos.xyz,,,1
www.redfincasforsale.com,,,1
bwo99-destinasijanuary.space,,,1
rtpcun-gb88.sbs,,,1
234togelact.com,,,1
gengpg.com,,,1
x8.morfintotopride.online,,,1
cair.kakektotomainkan.xyz,,,1
www.aslisolid.my,,,1
bolaslotlink.net,,,1
www.gemilangst.com,,,1
uma-furusato.com,,,1
rajabandot8888.com,,,1
amp789-linkmedan.site,,,1
clbkjaya.cv,,,1
masukelevens.com,,,1
fufuslot2025.bar,,,1
arwana500main.store,,,1
los303wd.xyz,,,1
topfunpark.site,,,1
jnofecwayr.pai-togel.com,,,1
cozebetresmi.com,,,1
pj8.rtppasangjitu2024.com,,,1
frmxr26879.303viptoto.net,,,1
ojs.unsiq.ac.id,,,1
bosku777smart.com,,,1
ligahokie22bk.com,,,1
hoki378s.net,,,1
aksitepat.com,,,1
gabantoto.store,,,1
tyjlpn9ree.hokivipjuara.art,,,1
dubaislotbc.xyz,,,1
holywin99usd.site,,,1
fufu4dpejuangdunia.xyz,,,1
nblygvqnmkelrqe6zzmx.bungaslot.dev,,,1
1ep4697log.top1toto199.com,,,1
389sportsputih.com,,,1
13emakbet.site,,,1
raffi888-rtpku.pucukdingin.org,,,1
indoseven-onl.com,,,1
r2f15gd12h.s5dg291s7.com,,,1
luna34037.com,,,1
putribling.store,,,1
isekai.timesto4d.xyz,,,1
bangjokobn.com,,,1
tumisbuncis.shop,,,1
nagaslot191125.com,,,1
gta777silver.online,,,1
fat88yeah.site,,,1
www.galaxy77hujan.com,,,1
tuankuda8.xyz,,,1
91dewaaman.com,,,1
nexia789.la,,,1
kcv8kr6l.pasir4d.dev,,,1
www.ecocitycleveland.org,,,1
s2n6tcby7l.sultan33i.lat,,,1
fudvw7d1ux.briotepat.com,,,1
kue68cuy.site,,,1
3uqej3qujg.top1toto199.com,,,1
lektotoge.com,,,1
eyangnewyears.sbs,,,1
audy88l.xyz,,,1
toto12speed.site,,,1
www.kopatheme.net,,,1
metamopower.com,,,1
dian4d6.skin,,,1
ketuasusislot.space,,,1
fortuneslot88shark.com,,,1
agung1.agung-1.space,,,1
ampomislothk.com,,,1
www.tsrzxh.com,,,1
mutiara.restutogel.bet,,,1
mpo0404satu.xyz,,,1
jokijpidn.ink,,,1
daget4donterus.space,,,1
satuberlimpah.semarhokisaya.com,,,1
kejutanroyal.com,,,1
baywin88a.com,,,1
alt5.andara99gacor.com,,,1
gopayslot77.site,,,1
racelist.kyotei24.jp,,,1
poki.com,,,0
crazygames.com,,,0
miniclip.com,,,0
y8.com,,,0
agame.com,,,0
kongregate.com,,,0
armorgames.com,,,0
addictinggames.com,,,0
coolmathgames.com,,,0
friv.com,,,0
kizi.com,,,0
gamesgames.com,,,0
silvergames.com,,,0
newgrounds.com,,,0
itch.io,,,0
pogo.com,,,0
bgames.com,,,0
lagged.com,,,0
gamepix.com,,,0
twoplayergames.org,,,0
1001games.com,,,0
spele.nl,,,0
juegos.com,,,0
spielaffe.de,,,0
jetztspielen.de,,,0
jeux.fr,,,0
jogos360.com.br,,,0
plays.org,,,0
gameflare.com,,,0
primarygames.com,,,0
abcya.com,,,0
funbrain.com,,,0
mathplayground.com,,,0
hoodamath.com,,,0
html5games.com,,,0
onlinegames.io,,,0
gogy.com,,,0
kbhgames.com,,,0
gamemonetize.com,,,0
yiv.com,,,0
girlsgogames.com,,,0
mousebreaker.com,,,0
notdoppler.com,,,0
miniplay.com,,,0
crazygames.id,,,0
slotomania.com,,,0
doubledowncasino.com,,,0
bigfishgames.com,,,0
huugegames.com,,,0
playtika.com,,,0
zynga.com,,,0
gametwist.com,,,0
jackpotpartycasino.com,,,0
houseoffun.com,,,0
doubleugames.com,,,0
playstudios.com,,,0
gsngames.com,,,0
productmadness.com,,,0
sciplay.com,,,0
slotpark.com,,,0
murka.com,,,0
bingoblitz.com,,,0
slingo.com,,,0
wooga.com,,,0
gameloft.com,,,0
mahjongtime.com,,,0
247mahjong.com,,,0
mahjong.com,,,0
mahjonggames.com,,,0
freemahjong.org,,,0
arkadium.com,,,0
solitaired.com,,,0
worldofsolitaire.com,,,0
247solitaire.com,,,0
cardgames.io,,,0
trickstercards.com,,,0
gametop.com,,,0
gamehouse.com,,,0
247games.com,,,0
247cardgames.com,,,0
mahjongg.com,,,0
playok.com,,,0
boardgamearena.com,,,0
chess.com,,,0
lichess.org,,,0
sudoku.com,,,0
jigsawplanet.com,,,0
klondikesolitaire.com,,,0
spider-solitaire.com,,,0
supercell.com,,,0
king.com,,,0
rovio.com,,,0
ea.com,,,0
ubisoft.com,,,0
minecraft.net,,,0
garena.com,,,0
riotgames.com,,,0
blizzard.com,,,0
nintendo.com,,,0
playstation.com,,,0
xbox.com,,,0
epicgames.com,,,0
roblox.com,,,0
innersloth.com,,,0
hoyoverse.com,,,0
mihoyo.com,,,0
nianticlabs.com,,,0
pokemongolive.com,,,0
neteasegames.com,,,0
voodoo.io,,,0
scopely.com,,,0
jamcity.com,,,0
glu.com,,,0
kabam.com,,,0
nexon.com,,,0
krafton.com,,,0
com2us.com,,,0
store.steampowered.com,,,0
gog.com,,,0
humblebundle.com,,,0
greenmangaming.com,,,0
fanatical.com,,,0
clashofclans.com,,,0
clashroyale.com,,,0
brawlstars.com,,,0
candycrushsaga.com,,,0
sybogames.com,,,0
angrybirds.com,,,0
halfbrick.com,,,0
fortnite.com,,,0
playvalorant.com,,,0
leagueoflegends.com,,,0
dota2.com,,,0
counter-strike.net,,,0
apexlegends.com,,,0
callofduty.com,,,0
rockstargames.com,,,0
konami.com,,,0
square-enix-games.com,,,0
sega.com,,,0
capcom.com,,,0
bandainamcoent.com,,,0
atlus.com,,,0
devolverdigital.com,,,0
warframe.com,,,0
pathofexile.com,,,0
deadbydaylight.com,,,0
smitegame.com,,,0
supergiantgames.com,,,0
ageofempires.com,,,0
ageofmythology.com,,,0
theoi.com,,,0
greekmythology.com,,,0
hades.game,,,0
duniagames.co.id,,,0
gamebrott.com,,,0
ggwp.id,,,0
oneesports.id,,,0
esportsku.com,,,0
hybrid.co.id,,,0
revivaltv.id,,,0
vcgamers.com,,,0
itemku.com,,,0
gamefever.id,,,0
dafunda.com,,,0
kotakgame.com,,,0
jagatplay.com,,,0
gamedaim.com,,,0
esportsnesia.com,,,0
kincir.com,,,0
indogamers.com,,,0
ligagame.com,,,0
gamefinity.id,,,0
skor.id,,,0
ign.com,,,0
gamespot.com,,,0
polygon.com,,,0
kotaku.com,,,0
pcgamer.com,,,0
eurogamer.net,,,0
rockpapershotgun.com,,,0
gamesradar.com,,,0
destructoid.com,,,0
vg247.com,,,0
gematsu.com,,,0
dualshockers.com,,,0
gamerant.com,,,0
thegamer.com,,,0
nintendolife.com,,,0
pushsquare.com,,,0
purexbox.com,,,0
3djuegos.com,,,0
gameinformer.com,,,0
metacritic.com,,,0
play.google.com,,,0
apps.apple.com,,,0
apkpure.com,,,0
apkmirror.com,,,0
uptodown.com,,,0
softonic.com,,,0
apkcombo.com,,,0
malavida.com,,,0
aptoide.com,,,0
f-droid.org,,,0
razer.com,,,0
logitechg.com,,,0
steelseries.com,,,0
hyperx.com,,,0
corsair.com,,,0
kompas.com,,,0
detik.com,,,0
cnnindonesia.com,,,0
tribunnews.com,,,0
liputan6.com,,,0
kumparan.com,,,0
tempo.co,,,0
antaranews.com,,,0
suara.com,,,0
merdeka.com,,,0
okezone.com,,,0
sindonews.com,,,0
republika.co.id,,,0
jpnn.com,,,0
viva.co.id,,,0
kompas.tv,,,0
idntimes.com,,,0
tirto.id,,,0
kontan.co.id,,,0
bisnis.com,,,0
komdigi.go.id,,,0
kominfo.go.id,,,0
kemenkeu.go.id,,,0
kemdikbud.go.id,,,0
indonesia.go.id,,,0
polri.go.id,,,0
bi.go.id,,,0
ojk.go.id,,,0
kemkes.go.id,,,0
ruangguru.com,,,0
zenius.net,,,0
quipper.com,,,0
sekolah.mu,,,0
brainpop.com,,,0
prodigygame.com,,,0
khanacademy.org,,,0
ajaib.co.id,,,0
bibit.id,,,0
stockbit.com,,,0
pluang.com,,,0
bareksa.com,,,0
indodax.com,,,0
tokocrypto.com,,,0
pintu.co.id,,,0
reku.id,,,0
dana.id,,,0
flip.id,,,0
jenius.com,,,0
gopay.co.id,,,0
linkaja.id,,,0
ovo.id,,,0
tokopedia.com,,,0
shopee.co.id,,,0
bukalapak.com,,,0
blibli.com,,,0
lazada.co.id,,,0
zalora.co.id,,,0
tiket.com,,,0
traveloka.com,,,0
grab.com,,,0
gojek.com,,,0
halodoc.com,,,0
2k.com,,,0
activision.com,,,0
take2games.com,,,0
gearboxsoftware.com,,,0
cdprojektred.com,,,0
larian.com,,,0
thqnordic.com,,,0
paradoxinteractive.com,,,0
playdead.com,,,0
klei.com,,,0
thatgamecompany.com,,,0
hellogames.org,,,0
tencent.com,,,0
gamejolt.com,,,0
gameforge.com,,,0
pcgamesn.com,,,0
wccftech.com,,,0
twinfinite.net,,,0
gamesindustry.biz,,,0
gamedeveloper.com,,,0
gamingbible.com,,,0
screenrant.com,,,0
liquipedia.net,,,0
hltv.org,,,0
dotabuff.com,,,0
op.gg,,,0
tracker.gg,,,0
vlr.gg,,,0
eslgaming.com,,,0
