url,prediksi_sistem,skor_final,y_pred(biner),y_true(biner),sel
9audy88.com,HIGH,100.0,1,1,TP
barongbetplays.com,HIGH,51.92,1,1,TP
dewan4dinc.com,HIGH,100.0,1,1,TP
n94ywwycn7.rtp-lohanslot.com,HIGH,100.0,1,1,TP
ownitgucci.com,HIGH,100.0,1,1,TP
kudahoki-q9us.kudahoki.online,HIGH,100.0,1,1,TP
pejuangslotcrm.com,HIGH,100.0,1,1,TP
premier333aek.com,HIGH,100.0,1,1,TP
promokikototo.org,MEDIUM,50.0,1,1,TP
0m1wjbwjlh.slotmantapviral.com,HIGH,100.0,1,1,TP
nemospin78.store,HIGH,100.0,1,1,TP
inova138bjb.com,HIGH,97.5,1,1,TP
www.gamespoolspic.vip,LOW,7.5,0,1,FN
pik4mantapp.com,HIGH,100.0,1,1,TP
huntertotoalter.online,LOW,7.5,0,1,FN
grafikjituhugme.site,LOW,12.5,0,1,FN
super88site.space,HIGH,100.0,1,1,TP
bktt-fav.site,LOW,0.0,0,1,FN
gemoy88gas.monster,HIGH,100.0,1,1,TP
akseswin805.click,HIGH,100.0,1,1,TP
1rolet303.art,HIGH,93.01,1,1,TP
barbari.seni108maxwin.com,HIGH,100.0,1,1,TP
www.rusticfarmlife.com,HIGH,100.0,1,1,TP
82lwit76wp80ao7bzzoi.vdkgatheringpoint.social,HIGH,80.33,1,1,TP
q9db0zfseko306oz237x.araitoto-x.com,HIGH,50.0,1,1,TP
salam88kung.site,HIGH,100.0,1,1,TP
negrislot.store,MEDIUM,50.0,1,1,TP
3vfa5w8mr8.dota88e.life,HIGH,100.0,1,1,TP
panadolqqjp99.xyz,MEDIUM,40.0,1,1,TP
info.rtpoishibet.com,HIGH,100.0,1,1,TP
cafe4dv2.space,HIGH,100.0,1,1,TP
bulantogel3.rest,HIGH,65.0,1,1,TP
maxwinrtp.officejutawan.com,HIGH,100.0,1,1,TP
tokzmp7m4x.top1toto199.com,LOW,12.5,0,1,FN
agenbos228.beauty,HIGH,89.56,1,1,TP
kangmasrindu.site,HIGH,100.0,1,1,TP
grandpulsa7.com,HIGH,95.0,1,1,TP
togelnusatotomaxwin.site,HIGH,100.0,1,1,TP
pq9o61ii477woxkizbjr.jpmariofixx.site,HIGH,100.0,1,1,TP
bdhoki88limit.live,HIGH,100.0,1,1,TP
kdkey2r6ed.vwvip2.pro,HIGH,100.0,1,1,TP
umr-dewa.online,HIGH,90.76,1,1,TP
prabartanablog.pages.dev,HIGH,54.16,1,1,TP
www.kemonbet22.com,MEDIUM,50.0,1,1,TP
bbtn4dwinplay.com,HIGH,100.0,1,1,TP
ratupadepokan.xyz,MEDIUM,50.0,1,1,TP
www.staradio1073fm.com,LOW,7.5,0,1,FN
30msislot.info,HIGH,100.0,1,1,TP
slot88blue.com,MEDIUM,45.03,1,1,TP
www.rockfest-game.com,HIGH,100.0,1,1,TP
lotus2mas.vip,HIGH,100.0,1,1,TP
5feb.2simenang.com,LOW,7.5,0,1,FN
tuantogelultra.com,HIGH,100.0,1,1,TP
ppsnusanew.com,HIGH,100.0,1,1,TP
becekwinhits.com,HIGH,78.58,1,1,TP
rtppepsimaniez.com,HIGH,100.0,1,1,TP
duniabet303ai.life,HIGH,100.0,1,1,TP
jpnation17.xyz,MEDIUM,40.0,1,1,TP
geosriwijaya.com,LOW,0.0,0,1,FN
mpo8821bekasi.info,HIGH,100.0,1,1,TP
appsatrialigartp.com,HIGH,81.5,1,1,TP
tattumedia.com,MEDIUM,30.0,1,1,TP
giant.genevafoxes.org,HIGH,100.0,1,1,TP
wap.appunikbet.com,HIGH,100.0,1,1,TP
gojek77.ws,HIGH,97.5,1,1,TP
rtp13.polaavatar808.live,MEDIUM,35.0,1,1,TP
k6zznn1xd8mbnhd96reg.araitoto-x.com,HIGH,50.0,1,1,TP
tytfortunerid.com,MEDIUM,28.73,1,1,TP
yyqf7qvklk.senju33h.top,HIGH,100.0,1,1,TP
hwg500.net,HIGH,100.0,1,1,TP
a.justd.net,HIGH,100.0,1,1,TP
amppapilo99.net,HIGH,82.5,1,1,TP
www.audi8.bet,LOW,5.0,0,1,FN
32c7j15fcqwynfj23mut.jpmariofixx.site,HIGH,100.0,1,1,TP
sibukwinbaik.com,HIGH,82.5,1,1,TP
emastotojitu.com,HIGH,67.96,1,1,TP
novasobatvip.mom,HIGH,100.0,1,1,TP
indratogel32461.com,MEDIUM,50.0,1,1,TP
llgt36dscwnnsoiswda6.myjpcash.com,HIGH,61.87,1,1,TP
geng34037.com,MEDIUM,37.75,1,1,TP
rtpbiru138cuan.blog,HIGH,100.0,1,1,TP
burhanbos89.xyz,HIGH,100.0,1,1,TP
super88original.org,HIGH,100.0,1,1,TP
biru777citra.club,HIGH,100.0,1,1,TP
xn-foroporlaniez.pages.dev,MEDIUM,50.0,1,1,TP
g1.gurame.fun,LOW,0.0,0,1,FN
kangtotowis.com,LOW,2.5,0,1,FN
pasti12.niastoto4d.xyz,LOW,0.0,0,1,FN
jamuwin78.yachts,HIGH,54.11,1,1,TP
bolawinsbsd.com,HIGH,75.38,1,1,TP
kurniatotomantap.com,HIGH,58.21,1,1,TP
komengtotobet.com,HIGH,100.0,1,1,TP
www.alexabet88u.net,LOW,10.0,0,1,FN
hargabiru.com,HIGH,66.04,1,1,TP
jamintotowin13.com,LOW,9.44,0,1,FN
ketuabemo05.site,HIGH,100.0,1,1,TP
situsgestunbet2026.pages.dev,MEDIUM,27.5,1,1,TP
lions88newregister.store,HIGH,100.0,1,1,TP
kudahoki11.site,HIGH,100.0,1,1,TP
lmccsn88.blog,HIGH,100.0,1,1,TP
17des.rusia777.sbs,HIGH,100.0,1,1,TP
m.tst4d.com,LOW,0.0,0,1,FN
voliaku.biz,HIGH,87.5,1,1,TP
morph365.asia,HIGH,100.0,1,1,TP
xiutoto401.com,MEDIUM,47.45,1,1,TP
www.sba.co.ug,LOW,22.5,0,1,FN
netjawawin.com,HIGH,100.0,1,1,TP
unagitop2.com,LOW,0.0,0,1,FN
rtpptjpkali.pages.dev,HIGH,100.0,1,1,TP
lvonlinejakarta.lol,MEDIUM,50.0,1,1,TP
gamabet88mc.com,HIGH,100.0,1,1,TP
kudetabet98lecijackpot.com,HIGH,100.0,1,1,TP
3gyzvbauxg.caritvtogel.vip,HIGH,100.0,1,1,TP
peso138info.com,HIGH,100.0,1,1,TP
akun77toss.homes,HIGH,97.5,1,1,TP
holongan.jmslt.com,HIGH,84.12,1,1,TP
rtpcun-gb88.bond,HIGH,100.0,1,1,TP
fp15nb3twoi0lmxo13h6.bungaslot.dev,HIGH,87.5,1,1,TP
spotbeth.app,LOW,22.5,0,1,FN
cong22.com,HIGH,91.94,1,1,TP
neon4dvip.com,MEDIUM,37.5,1,1,TP
vir9awenax.jmtoto.vip,HIGH,100.0,1,1,TP
bocilslt.com,HIGH,100.0,1,1,TP
agenmasion.xyz,MEDIUM,40.57,1,1,TP
p5jaco65e8.nusantaravip2.pro,HIGH,82.5,1,1,TP
aktortogel-baht.com,HIGH,83.44,1,1,TP
al28oz1c47.jumbo189.com,MEDIUM,45.0,1,1,TP
gm3.gmtt88-1.live,HIGH,57.07,1,1,TP
18hokiuntung.pages.dev,HIGH,59.37,1,1,TP
abangzeus007.live,HIGH,100.0,1,1,TP
idncash-domba.com,HIGH,80.71,1,1,TP
vip3.togel900-x.com,HIGH,95.79,1,1,TP
kisahpihak.com,MEDIUM,50.0,1,1,TP
y1rsd48ixhs3uv4itg3q.gayatoto268.site,HIGH,100.0,1,1,TP
webkecil.iridengki.com,HIGH,61.9,1,1,TP
qaidi804vip2.bet,HIGH,52.43,1,1,TP
lnl4e158qo.top1toto199.com,LOW,12.5,0,1,FN
qdal88wol.mom,HIGH,100.0,1,1,TP
w9.winterfresh.ink,HIGH,100.0,1,1,TP
pg25.14kelinci777.xyz,HIGH,100.0,1,1,TP
spznwbcqlx.ttcebu.icu,HIGH,88.61,1,1,TP
h2totocepat.com,HIGH,100.0,1,1,TP
ular-jawa.space,HIGH,100.0,1,1,TP
slotbom77lga.top,HIGH,100.0,1,1,TP
rtpslotyok215.com,HIGH,100.0,1,1,TP
mufasatotobenua.com,HIGH,100.0,1,1,TP
bn88live.top,HIGH,100.0,1,1,TP
1hal777login.com,HIGH,100.0,1,1,TP
megatoto5dpaten.com,HIGH,100.0,1,1,TP
nwxl0wl50s.vwvip2.pro,HIGH,100.0,1,1,TP
bebasjitu08.com,LOW,0.0,0,1,FN
besarwinakutansi.com,HIGH,100.0,1,1,TP
supraslot88rtp.com,HIGH,100.0,1,1,TP
raden4dfkt.com,HIGH,97.5,1,1,TP
linkrtp13-panglimajp.pages.dev,HIGH,100.0,1,1,TP
xiutoto042.com,MEDIUM,47.46,1,1,TP
kekar4dalter.com,HIGH,87.5,1,1,TP
satuanugerah.semarhokisaya.com,HIGH,100.0,1,1,TP
marettoto84.com,HIGH,100.0,1,1,TP
akadlancar.online,HIGH,87.5,1,1,TP
178.128.82.117,HIGH,100.0,1,1,TP
wika123-ya.site,HIGH,96.11,1,1,TP
ninjawild.com,LOW,5.0,0,1,FN
livegamehok1.site,HIGH,100.0,1,1,TP
rtpipo138l.com,HIGH,100.0,1,1,TP
52xyjrfqck.gt108vip3.com,HIGH,100.0,1,1,TP
rtpabadicash51.pages.dev,HIGH,100.0,1,1,TP
area13.zendo100top.com,HIGH,100.0,1,1,TP
bejo88lotar.xyz,HIGH,100.0,1,1,TP
linkktudunia.store,HIGH,100.0,1,1,TP
l6g9ugckgglej88k29qx.bungaslot.dev,HIGH,87.5,1,1,TP
inijawara.xyz,HIGH,100.0,1,1,TP
ultislot88cuan.shop,LOW,12.5,0,1,FN
www.mabecan.es,MEDIUM,32.5,1,1,TP
www.hermestotoalternativ.com,MEDIUM,50.0,1,1,TP
cimol88ss.live,HIGH,100.0,1,1,TP
mawartotodewa.com,HIGH,51.87,1,1,TP
maktoto1.ramalanku.live,LOW,7.5,0,1,FN
bosgambir169.com,LOW,23.61,0,1,FN
ms002.demon189.live,HIGH,100.0,1,1,TP
hotspin69discover.com,HIGH,100.0,1,1,TP
pagoda88-tower.com,HIGH,100.0,1,1,TP
top805vip.vip,HIGH,100.0,1,1,TP
g49uad98ss.markas338dikawal.com,HIGH,56.72,1,1,TP
slot.rtp-rajapanen.click,HIGH,100.0,1,1,TP
rajawisnu.info,HIGH,100.0,1,1,TP
tidakadalawan.org,HIGH,100.0,1,1,TP
amp-epsi99slot.pages.dev,MEDIUM,50.0,1,1,TP
xlo5g01ye8eodng3ajvp.ratuselot.site,HIGH,100.0,1,1,TP
rutanpedia.com,HIGH,100.0,1,1,TP
live-rtpf200m.autos,HIGH,100.0,1,1,TP
iq3ly0gpxx.slotbesarvip2.pro,HIGH,100.0,1,1,TP
hebohwin99.uk,HIGH,63.5,1,1,TP
5gtotojaya.site,HIGH,79.36,1,1,TP
hnd138jos.store,HIGH,100.0,1,1,TP
winbet299glory.online,HIGH,100.0,1,1,TP
roulette-overzicht.com,LOW,20.13,0,1,FN
luna34617.com,HIGH,83.63,1,1,TP
pro33738.com,HIGH,83.77,1,1,TP
www.apistage.mocatest.org,MEDIUM,50.0,1,1,TP
sbctotomiya.com,HIGH,87.5,1,1,TP
bbtotoalter.xyz,HIGH,100.0,1,1,TP
bolacuan1.net,HIGH,80.14,1,1,TP
bolang100.com,HIGH,100.0,1,1,TP
xb7mct.oyamurayama.com,LOW,20.76,0,1,FN
k6og.jokoo4d.net,HIGH,97.5,1,1,TP
redandwhite.space,HIGH,100.0,1,1,TP
b8.morfintotopride.online,LOW,0.0,0,1,FN
rtpbuncistoto-2.site,HIGH,100.0,1,1,TP
telukbisa.com,MEDIUM,37.5,1,1,TP
myg4djepe.xyz,HIGH,100.0,1,1,TP
harwy40537.gonaga.us,HIGH,100.0,1,1,TP
maco4d8.online,HIGH,100.0,1,1,TP
t21jepe.online,HIGH,100.0,1,1,TP
martv4d.xyz,HIGH,100.0,1,1,TP
bendera62via.cyou,HIGH,100.0,1,1,TP
zeusl9zusv.jatengtoto.one,HIGH,100.0,1,1,TP
d4naliga.click,HIGH,100.0,1,1,TP
monobakery.site,LOW,0.0,0,1,FN
29empireterbaru.com,HIGH,100.0,1,1,TP
calocanda.com,MEDIUM,37.5,1,1,TP
hqvxq14140.maniaslt.com,MEDIUM,50.0,1,1,TP
159.223.42.12,HIGH,100.0,1,1,TP
3maribbwin777.info,HIGH,100.0,1,1,TP
za008.yakuza77a.online,HIGH,100.0,1,1,TP
maskermerah.com,MEDIUM,50.0,1,1,TP
slot.obraltoto.vip,HIGH,71.53,1,1,TP
linkpasangjitu-official.com,HIGH,57.5,1,1,TP
rtp-rajacukongzzz.pucukdingin.org,HIGH,100.0,1,1,TP
piwpiwbum.pages.dev,HIGH,100.0,1,1,TP
yudha.togelup662.life,HIGH,75.0,1,1,TP
hdtoto1alter.xyz,HIGH,60.73,1,1,TP
firstplay88qiuqiu.com,HIGH,100.0,1,1,TP
xkm6gn4gj5.kaskuskita.com,MEDIUM,48.29,1,1,TP
bilan17.logamazli.one,HIGH,55.42,1,1,TP
rtpmw138.vip,HIGH,100.0,1,1,TP
indosbobet88win.shop,HIGH,82.5,1,1,TP
menyalabangku.org,HIGH,82.33,1,1,TP
tabungutama.net,MEDIUM,50.0,1,1,TP
login.kantongkosong.com,HIGH,90.0,1,1,TP
gajahstore09.com,HIGH,100.0,1,1,TP
m188link2.xyz,LOW,12.5,0,1,FN
skuvjqhrfw.ligazoom.work,HIGH,100.0,1,1,TP
dewata4d-32.xyz,HIGH,100.0,1,1,TP
gacoan88asli.xyz,HIGH,100.0,1,1,TP
rtpslotyowes215.com,HIGH,100.0,1,1,TP
u4rnu0w5yay2837t07j8.bungaslot.dev,HIGH,87.5,1,1,TP
suhu-esse.lat,HIGH,100.0,1,1,TP
regisidagentshop138.club,HIGH,100.0,1,1,TP
counterwin88none.com,HIGH,100.0,1,1,TP
www.tampanbintang4dp.com,MEDIUM,50.0,1,1,TP
bosvip777.world,MEDIUM,50.0,1,1,TP
gilabanget.pro,LOW,0.0,0,1,FN
acggcrfb.org,HIGH,100.0,1,1,TP
masuk1.site-jaya66.online,HIGH,100.0,1,1,TP
winwincuan.com,HIGH,100.0,1,1,TP
rekomendasi2026.com,HIGH,68.94,1,1,TP
tahta1.tahta2026.net,HIGH,100.0,1,1,TP
fantasitoto2.xyz,MEDIUM,30.68,1,1,TP
cawan78app.site,LOW,2.5,0,1,FN
rtpcuan-kingzeus.cyou,HIGH,100.0,1,1,TP
i-ai.apkjspaten.com,HIGH,100.0,1,1,TP
pik88-paco.pages.dev,MEDIUM,45.0,1,1,TP
livesosmedtoto.club,HIGH,100.0,1,1,TP
k1jy065bqz.rudaltotoking.com,HIGH,100.0,1,1,TP
speed1.rtpserver-ceriabet.live,HIGH,100.0,1,1,TP
pentolbetcan.com,HIGH,100.0,1,1,TP
rtpnet33sick.pages.dev,HIGH,100.0,1,1,TP
klub4dpion.com,HIGH,71.55,1,1,TP
ultra0802.jalurmudah.xyz,HIGH,100.0,1,1,TP
baduimen.info,LOW,17.98,0,1,FN
bomjp149.motorcycles,HIGH,85.0,1,1,TP
sengprediksi7.site,HIGH,56.16,1,1,TP
lwjxy40839.dewacashdana.one,HIGH,71.82,1,1,TP
www.bier-one.com,LOW,4.49,0,1,FN
wakanda33cheap.net,HIGH,100.0,1,1,TP
ip.bt-pro.click,HIGH,100.0,1,1,TP
zhoe.ngawimasukkedua.com,HIGH,67.5,1,1,TP
login2.vip138ab.com,HIGH,100.0,1,1,TP
cashgame88bet.com,HIGH,100.0,1,1,TP
1329ll.bet,LOW,9.0,0,1,FN
13.royal707.me,HIGH,100.0,1,1,TP
apk.wadukforever.rest,HIGH,100.0,1,1,TP
inifun88mall.com,HIGH,100.0,1,1,TP
zy9hq7j9py.nusantaravip2.pro,HIGH,82.5,1,1,TP
6pexynu8ow5rx7dheivu.linkbd88.store,HIGH,100.0,1,1,TP
ggplay-gram.xyz,MEDIUM,50.0,1,1,TP
waslotone.top,HIGH,100.0,1,1,TP
da003.garasi189.site,HIGH,100.0,1,1,TP
sl1ivfk1icj6j8xit2nl.myjpcash.com,MEDIUM,50.0,1,1,TP
apk2raja01.shop,HIGH,100.0,1,1,TP
masuk-top138.site,HIGH,100.0,1,1,TP
60m44mdmnn.vwvip2.pro,HIGH,100.0,1,1,TP
visi4dsan.click,HIGH,97.5,1,1,TP
j7ry4dngj6.top1toto199.com,LOW,12.5,0,1,FN
dana999batik.com,HIGH,100.0,1,1,TP
plazaraya.site,HIGH,100.0,1,1,TP
ongpg01.com,HIGH,81.73,1,1,TP
group788-1a.store,HIGH,100.0,1,1,TP
3uxzv1jndn.gt108vip3.com,HIGH,100.0,1,1,TP
kodomo99baru.com,HIGH,82.5,1,1,TP
beritahujan.com,HIGH,100.0,1,1,TP
slotyokaislotdra.xyz,HIGH,76.71,1,1,TP
destotopaling.com,LOW,17.04,0,1,FN
inibet.in.net,HIGH,100.0,1,1,TP
beton88-amarflourmills.pages.dev,HIGH,78.69,1,1,TP
07jugyfvrlfal1pfphv2.sakutoto990.com,HIGH,100.0,1,1,TP
unikgunung.com,HIGH,100.0,1,1,TP
01kitaslot777.makeup,HIGH,100.0,1,1,TP
yumetoto99.com,HIGH,100.0,1,1,TP
šltñ77.com,LOW,0.0,0,1,FN
amoisuper.com,HIGH,87.5,1,1,TP
oyen14.web.id,LOW,22.5,0,1,FN
61vl.oyamurayama.com,LOW,19.64,0,1,FN
shop.terrafreshhome.com,LOW,0.0,0,1,FN
hrvslotmenang.com,MEDIUM,47.27,1,1,TP
bola222machinewin.com,HIGH,100.0,1,1,TP
megajp17.rtp2025jp.com,HIGH,100.0,1,1,TP
mem.pinarena.online,HIGH,85.7,1,1,TP
ingatbebek31.xyz,HIGH,70.68,1,1,TP
nero4dwin.com,MEDIUM,50.0,1,1,TP
kasir4dhot.com,HIGH,100.0,1,1,TP
animemantap08.com,HIGH,100.0,1,1,TP
koiceko.com,MEDIUM,50.0,1,1,TP
pastipaten-oceanslot88.xyz,HIGH,100.0,1,1,TP
www.raja138bom.com,HIGH,100.0,1,1,TP
aa8dpk58415.captogel.cyou,HIGH,52.04,1,1,TP
link1.mio69-best.store,HIGH,100.0,1,1,TP
kja2jv5n2fzh4sfpz23g.bungaslot.dev,HIGH,87.5,1,1,TP
spekta777ok.net,HIGH,100.0,1,1,TP
betblocker.org,LOW,5.0,0,1,FN
mutubet88loyal.com,HIGH,100.0,1,1,TP
kopral404.com,HIGH,76.76,1,1,TP
tko77steed.com,HIGH,100.0,1,1,TP
sgptotocity1.com,HIGH,86.68,1,1,TP
molektoto2026.com,HIGH,100.0,1,1,TP
resortgrow.site,HIGH,100.0,1,1,TP
indoslot303z.club,HIGH,100.0,1,1,TP
x92vip2.bet,MEDIUM,35.01,1,1,TP
phxcgn7tjo.kaskuskita.com,MEDIUM,44.8,1,1,TP
bzhcq45183.klikfifabet.in,MEDIUM,50.0,1,1,TP
mio69-ofc.xyz,HIGH,100.0,1,1,TP
takurnewyear.site,HIGH,94.12,1,1,TP
henslotwd.xyz,HIGH,100.0,1,1,TP
bandar89home.xyz,LOW,0.0,0,1,FN
i3kit4lgg5aoqdroz0ez.bungaslot.dev,HIGH,87.5,1,1,TP
lryt063d61.nusantaravip2.pro,HIGH,82.5,1,1,TP
wakcepek.site,HIGH,100.0,1,1,TP
geloragamingcun.com,HIGH,100.0,1,1,TP
dogelexusmvp.quest,HIGH,100.0,1,1,TP
lilinterns.com,LOW,25.0,0,1,FN
ripsipglowin88.com,HIGH,100.0,1,1,TP
gipb74zm0bgmjt2o6ph7.vdkgatheringpoint.social,HIGH,79.21,1,1,TP
juruspass.com,HIGH,100.0,1,1,TP
pamanganteng.xyz,HIGH,100.0,1,1,TP
tvsouth.com,HIGH,100.0,1,1,TP
4.bonushptoto.info,MEDIUM,50.0,1,1,TP
martabak188a.asia,HIGH,100.0,1,1,TP
americanpicks.com,LOW,0.0,0,1,FN
koreo138pedas.com,HIGH,100.0,1,1,TP
aksesmulia77.rest,HIGH,100.0,1,1,TP
petir138-amp168.sbs,MEDIUM,40.0,1,1,TP
www.sloto89dada.com,HIGH,100.0,1,1,TP
zenithfordv4.store,MEDIUM,50.0,1,1,TP
link9.ldbplayalt35.com,HIGH,87.5,1,1,TP
buiyq48880.gobogil.one,HIGH,100.0,1,1,TP
vip25.sigacor88.ink,HIGH,100.0,1,1,TP
aslamfabrics.com.pk,LOW,0.0,0,1,FN
sultanplay.fit,HIGH,100.0,1,1,TP
1329w.bet,MEDIUM,39.95,1,1,TP
ms31.wede777vip.com,HIGH,100.0,1,1,TP
kipas899ok.life,HIGH,100.0,1,1,TP
havana88-2.com,HIGH,100.0,1,1,TP
supertotorezeki.top,HIGH,100.0,1,1,TP
cagurbetkyu.help,HIGH,100.0,1,1,TP
tiga11.hitocuan.com,LOW,2.29,0,1,FN
akiratoto5.online,LOW,0.0,0,1,FN
tarunggas.work,HIGH,89.12,1,1,TP
www.sm333.net,HIGH,100.0,1,1,TP
sex2hjg7uz.jaya4dxin.xyz,HIGH,90.0,1,1,TP
polonia123-vip.site,HIGH,100.0,1,1,TP
tmbetreward88.com,HIGH,100.0,1,1,TP
www.nos138af.online,LOW,12.36,0,1,FN
bundaaslot.store,HIGH,100.0,1,1,TP
takis98slt.store,HIGH,100.0,1,1,TP
jon4dnikmat.com,HIGH,100.0,1,1,TP
nu3pu3j7qftqvxpq9fu0.jpmariofixx.site,HIGH,100.0,1,1,TP
bintang108year.com,HIGH,100.0,1,1,TP
sarana77.org,HIGH,100.0,1,1,TP
s4jexj6cyc.rudaltotoking.com,HIGH,100.0,1,1,TP
nekobet99.shop,HIGH,100.0,1,1,TP
0inuf4h5n5.kaskuskita.com,HIGH,50.56,1,1,TP
ku007.key365a.live,HIGH,100.0,1,1,TP
bangkok-ampdev.pages.dev,HIGH,82.27,1,1,TP
gudang4dplay.motorcycles,HIGH,98.82,1,1,TP
lisatoto-bd.com,MEDIUM,40.0,1,1,TP
hyju9dzuva.cariepictoto.pro,HIGH,100.0,1,1,TP
sloki88bmw.com,HIGH,100.0,1,1,TP
megaslot97.work,HIGH,100.0,1,1,TP
l9d1tt6vdu.vwvip2.pro,HIGH,100.0,1,1,TP
leon188bersulang.co,HIGH,100.0,1,1,TP
indo4d-k.com,HIGH,88.39,1,1,TP
bursa188re.com,HIGH,100.0,1,1,TP
paulang.com,HIGH,62.5,1,1,TP
beldlanka.com,HIGH,87.5,1,1,TP
pilarplay49.shop,HIGH,54.47,1,1,TP
rtp3.notif4darena.org,HIGH,100.0,1,1,TP
01pacificwildseafood.pages.dev,LOW,10.67,0,1,FN
lido88next.com,HIGH,100.0,1,1,TP
indo62bangga.com,HIGH,100.0,1,1,TP
abc-cgi.com,LOW,5.0,0,1,FN
kangtotowis.org,LOW,2.5,0,1,FN
151.101.131.52,LOW,0.0,0,1,FN
hidupgagak.store,HIGH,92.5,1,1,TP
rice838-d.cfd,HIGH,100.0,1,1,TP
pialadunia.dev,LOW,25.0,0,1,FN
ads11raja01.shop,HIGH,100.0,1,1,TP
a1.winterfresh.ink,HIGH,100.0,1,1,TP
app-liv.jp,LOW,7.85,0,1,FN
u1q3qrlp5ye1n04431bq.bungaslot.dev,HIGH,87.5,1,1,TP
rusia3.xyz,HIGH,100.0,1,1,TP
macautw.xyz,MEDIUM,50.0,1,1,TP
unovgsreals.space,HIGH,100.0,1,1,TP
142peritt.com,HIGH,100.0,1,1,TP
pgking11.vip,HIGH,100.0,1,1,TP
glendona.com,HIGH,100.0,1,1,TP
restupokerhot.com,HIGH,96.3,1,1,TP
tigoals.github.io,LOW,22.5,0,1,FN
shop.mondena.com,LOW,0.0,0,1,FN
liontoto1.store,LOW,0.0,0,1,FN
jumbototo982.com,MEDIUM,45.0,1,1,TP
abangda88.us.com,HIGH,100.0,1,1,TP
lihat14.meriahkali.one,MEDIUM,30.52,1,1,TP
pro8etiojk.lat,HIGH,100.0,1,1,TP
ayam4dhoki168.com,HIGH,57.25,1,1,TP
riangterang.xyz,HIGH,87.5,1,1,TP
rtppilarplay24.shop,HIGH,100.0,1,1,TP
zjqoolipaf.bosbro.website,HIGH,100.0,1,1,TP
techno.dolly4dofficial.com,HIGH,100.0,1,1,TP
live-hockey.ru,LOW,7.5,0,1,FN
hyjkumrqv7.slotbesarvip2.pro,HIGH,100.0,1,1,TP
gg2.rtpapidewa.lol,HIGH,100.0,1,1,TP
kp06nygo7f.jaya4dxin.xyz,MEDIUM,48.27,1,1,TP
asiaslot777official.beauty,HIGH,100.0,1,1,TP
z66ntjdxbg4p4ku6u7so.ibox4docean.net,HIGH,100.0,1,1,TP
tancap4digit.bond,HIGH,100.0,1,1,TP
fuyuramenco.com,HIGH,74.4,1,1,TP
6i9.notaups4d.site,HIGH,82.5,1,1,TP
12hoki.forum,HIGH,100.0,1,1,TP
tb88duit.top,HIGH,100.0,1,1,TP
alt2.alamat.vip,HIGH,100.0,1,1,TP
kokoplayv5.pages.dev,MEDIUM,27.5,1,1,TP
18ex0qrsck.prada55c.one,HIGH,100.0,1,1,TP
vv0802.kantorbolajaya.org,HIGH,100.0,1,1,TP
kpk100stars.site,HIGH,61.43,1,1,TP
ituu.bt-pro.click,HIGH,100.0,1,1,TP
zfn3vsbbua.asgacor.pro,HIGH,100.0,1,1,TP
hel4oilwyp.top1toto199.com,LOW,12.5,0,1,FN
laskar89-site.bond,MEDIUM,50.0,1,1,TP
idxstartime.top,LOW,0.0,0,1,FN
clinic-gallery.pages.dev,MEDIUM,45.0,1,1,TP
4lr86165sbskyxgqbh1y.bungaslot.dev,HIGH,87.5,1,1,TP
kemenangan-dewi11.pages.dev,HIGH,53.42,1,1,TP
arizona88.suhujepe12.site,HIGH,85.74,1,1,TP
abcd.kkp69.info,HIGH,100.0,1,1,TP
vikingbet-88.store,HIGH,100.0,1,1,TP
kenangan4dtinggi.com,HIGH,100.0,1,1,TP
6fwekg4fbsqkfb81qx89.bungaslot.dev,HIGH,87.5,1,1,TP
moi4dindah.com,HIGH,100.0,1,1,TP
agung711uang.com,MEDIUM,48.08,1,1,TP
111333.bet,LOW,5.0,0,1,FN
0r4ncbr2g0poeh3yvwn7.bungaslot.dev,HIGH,87.5,1,1,TP
sedanghokipilihan.lol,HIGH,82.5,1,1,TP
kpkgg18.com,MEDIUM,30.0,1,1,TP
link1.rtpking555.ink,HIGH,100.0,1,1,TP
gacormen-ar.com,HIGH,100.0,1,1,TP
u0.morfintotopride.online,LOW,0.0,0,1,FN
jam889.net,HIGH,95.0,1,1,TP
ms003.braga89.store,HIGH,100.0,1,1,TP
hijauwinart.store,HIGH,100.0,1,1,TP
websni.info,HIGH,52.16,1,1,TP
ufc4d.cc,HIGH,52.51,1,1,TP
mantap99.ms-pacmantoto.space,HIGH,95.0,1,1,TP
sj88open.sbs,HIGH,100.0,1,1,TP
okejp8.rtp2025jp.com,HIGH,100.0,1,1,TP
eskino4d.net,HIGH,100.0,1,1,TP
mom4dbisa.com,MEDIUM,42.92,1,1,TP
tousi-life.jp,LOW,12.92,0,1,FN
akseswakai.site,HIGH,100.0,1,1,TP
game006.ketua911c.store,HIGH,100.0,1,1,TP
mlb789hoki.site,HIGH,54.38,1,1,TP
wa.agenkopi.cyou,HIGH,100.0,1,1,TP
ola62az.store,HIGH,100.0,1,1,TP
amelpenting.com,HIGH,95.0,1,1,TP
lega4d18.shop,HIGH,87.5,1,1,TP
idrbet77.com,HIGH,100.0,1,1,TP
bape777nice.com,HIGH,100.0,1,1,TP
rtpomega-gan89.com,HIGH,100.0,1,1,TP
11uni4d.com,HIGH,100.0,1,1,TP
loginsoju.store,HIGH,100.0,1,1,TP
www.sloto89semesta.com,HIGH,100.0,1,1,TP
ratugacor88-top.xyz,HIGH,100.0,1,1,TP
dingdong34225.com,HIGH,80.0,1,1,TP
orisdaftar.com,HIGH,100.0,1,1,TP
goto-77.cyou,HIGH,95.0,1,1,TP
sakuratotoart.xyz,LOW,5.41,0,1,FN
pintumasuklinklgp.com,MEDIUM,50.0,1,1,TP
arcerqwinwk.site,HIGH,100.0,1,1,TP
pecah404int.com,HIGH,100.0,1,1,TP
h2hslotq.com,HIGH,100.0,1,1,TP
waw4.dahsyat.online,HIGH,100.0,1,1,TP
138grdrtp.beauty,HIGH,100.0,1,1,TP
bt10rb04.space,HIGH,100.0,1,1,TP
nemesisaj8b21.sekali.bet,HIGH,100.0,1,1,TP
3vb9hh9g1l.kaskuskita.com,MEDIUM,46.25,1,1,TP
boyah.cempakabet.space,LOW,5.0,0,1,FN
play-deluna188.com,HIGH,100.0,1,1,TP
wwtoto02.com,MEDIUM,30.0,1,1,TP
rajatoto3selalu.com,HIGH,100.0,1,1,TP
galaxy898onepiece.com,HIGH,100.0,1,1,TP
tzqt8d2jbu.asgacor.pro,HIGH,78.65,1,1,TP
www.boggypond.com,MEDIUM,35.0,1,1,TP
ayah4di.theamplink.com,HIGH,100.0,1,1,TP
merahbiru.pro,HIGH,70.86,1,1,TP
rtp-ns88.autos,HIGH,100.0,1,1,TP
petir108b.fit,HIGH,100.0,1,1,TP
antohokikali.com,MEDIUM,50.0,1,1,TP
kilau4dmania.com,HIGH,100.0,1,1,TP
grafikjitubaru789.site,LOW,12.5,0,1,FN
logicdiana4d.site,HIGH,100.0,1,1,TP
zilong88u-amp1.xyz,LOW,0.0,0,1,FN
1cabang777.com,HIGH,97.51,1,1,TP
putrajpcv.linktotheamp.com,HIGH,100.0,1,1,TP
nmax4dgas888.com,HIGH,100.0,1,1,TP
turbobet77-hd.com,HIGH,100.0,1,1,TP
ms2.peniti4ddomain.com,HIGH,100.0,1,1,TP
x432s42ynqg6bqlkn9bh.ratuselot.site,HIGH,100.0,1,1,TP
www.rp888dj.com,HIGH,100.0,1,1,TP
riangimlek.mom,HIGH,87.5,1,1,TP
www.jra.go.jp,LOW,12.5,0,1,FN
jebol78log14.xyz,HIGH,100.0,1,1,TP
opdw.bantenhero.cloud,HIGH,82.5,1,1,TP
303pediamn.live,HIGH,100.0,1,1,TP
pahala4d-official.org,MEDIUM,50.0,1,1,TP
afsbe.org,HIGH,51.92,1,1,TP
2qzy.jokoo4d.net,HIGH,100.0,1,1,TP
rtpjablay123jp.click,HIGH,76.77,1,1,TP
pilihtogeltoto.com,HIGH,100.0,1,1,TP
v1.narawin.live,LOW,7.5,0,1,FN
zodiakslotjp.shop,LOW,21.72,0,1,FN
bandargamingno1.com,HIGH,70.73,1,1,TP
1e27855ntbfedogj0sic.jpmania-resmi.com,HIGH,100.0,1,1,TP
joko4dcuans.vip,HIGH,97.5,1,1,TP
laporgajah.com,MEDIUM,50.0,1,1,TP
178.128.86.89,LOW,7.5,0,1,FN
rtp4.jpslot161.top,HIGH,100.0,1,1,TP
fpgbsdyaflgay1qqddld.gayatoto268.site,HIGH,100.0,1,1,TP
nova0fk329.nafastogel.app,HIGH,59.43,1,1,TP
duniabet303joss.vip,HIGH,100.0,1,1,TP
maxhoki.website,HIGH,100.0,1,1,TP
vegas338rtp-7.site,HIGH,100.0,1,1,TP
becekwinalt.blog,MEDIUM,50.0,1,1,TP
pola1.rtpkerbau28.com,HIGH,100.0,1,1,TP
link-gasbet88.com,HIGH,100.0,1,1,TP
mandiuanglogin.org,MEDIUM,50.0,1,1,TP
skrikkoke25.online,HIGH,100.0,1,1,TP
pyo9diszrj.dota88e.life,HIGH,100.0,1,1,TP
amp-panoco-is-back.pages.dev,MEDIUM,50.0,1,1,TP
dd6cxb8m1h.bmwvip3.pro,HIGH,100.0,1,1,TP
subs.supermp0.com,HIGH,100.0,1,1,TP
freeseite.com,HIGH,50.0,1,1,TP
krgxr32040.ihokibetplay.xyz,HIGH,52.55,1,1,TP
vip14.honda555.link,HIGH,100.0,1,1,TP
uwu4dg.com,HIGH,100.0,1,1,TP
unik-1.club,HIGH,100.0,1,1,TP
buzzymag.com,MEDIUM,50.0,1,1,TP
medaliatas.com,MEDIUM,32.5,1,1,TP
babyslotbet.com,HIGH,100.0,1,1,TP
puma99gelo.com,HIGH,72.99,1,1,TP
go-pink-4d-new.store,HIGH,100.0,1,1,TP
kipas899ok.pics,HIGH,100.0,1,1,TP
pede4dme.online,HIGH,100.0,1,1,TP
yl002.yolanda77a.store,HIGH,100.0,1,1,TP
manta69-pro.online,HIGH,100.0,1,1,TP
ultimate12.bocorankatsu5.online,HIGH,100.0,1,1,TP
dvbos8.info,HIGH,100.0,1,1,TP
putri.kedai168thailand.com,HIGH,100.0,1,1,TP
nx303ada.art,HIGH,54.26,1,1,TP
indosultan69resmi.com,HIGH,78.41,1,1,TP
0.livebasketrtp.com,MEDIUM,50.0,1,1,TP
www.takarakuji-official.jp,LOW,7.5,0,1,FN
dollar4dangkattelor1.online,HIGH,100.0,1,1,TP
hecate0jx4r.nafastogel.one,HIGH,52.51,1,1,TP
kartubet88pro.homes,HIGH,100.0,1,1,TP
jp52dpmw40v1iq51nujc.pucukiran.com,HIGH,100.0,1,1,TP
diorbagus.com,HIGH,100.0,1,1,TP
temposlots.homes,MEDIUM,50.0,1,1,TP
store.fannyavila.com,LOW,0.0,0,1,FN
1329qq.bet,LOW,9.0,0,1,FN
mekagoal.shop,HIGH,100.0,1,1,TP
kw88antireport.store,HIGH,88.77,1,1,TP
totokitazap.site,LOW,0.0,0,1,FN
sobatkerabatslot.us,MEDIUM,50.0,1,1,TP
menulerimiz-900.pages.dev,LOW,12.5,0,1,FN
q0w0764c4v.uang77dcmbr.org,HIGH,100.0,1,1,TP
kingkong39ingat.online,HIGH,100.0,1,1,TP
web010.sepuh78.live,HIGH,100.0,1,1,TP
www.zs999.bet,LOW,22.88,0,1,FN
jinhoki.xyz,HIGH,100.0,1,1,TP
vde9gvw34y.botuna55c.click,HIGH,100.0,1,1,TP
4qaausx10f6hbgc5f7uj.bungaslot.dev,HIGH,87.5,1,1,TP
rtp02.regalbetvip.store,LOW,0.0,0,1,FN
sagatoto-cruise.xyz,HIGH,60.22,1,1,TP
nxpecahhhh.xyz,HIGH,100.0,1,1,TP
tarboljuara137.xyz,HIGH,100.0,1,1,TP
bjk3natxg6.cendana898.com,HIGH,50.0,1,1,TP
abgib39364.yesnaga.vip,MEDIUM,50.0,1,1,TP
sa365url.com,LOW,12.5,0,1,FN
www.jaihowin17.com,LOW,0.0,0,1,FN
00y888.com,LOW,5.0,0,1,FN
arwanaslotjaya1.lat,HIGH,100.0,1,1,TP
satudepo88.ink,MEDIUM,50.0,1,1,TP
www.linkslotserver.com,MEDIUM,50.0,1,1,TP
nila88sakti.com,HIGH,85.0,1,1,TP
adamtoto-98.com,LOW,0.0,0,1,FN
official-terongbet.com,LOW,0.0,0,1,FN
eggx059fbi.dewaidr.life,HIGH,100.0,1,1,TP
ajjf7xtzsh.top1toto199.com,LOW,12.5,0,1,FN
rtp1i-bintang299.pages.dev,HIGH,89.79,1,1,TP
litter.situs8888terbaru.online,HIGH,100.0,1,1,TP
dongjituwop.com,HIGH,53.27,1,1,TP
adsku1.hero369.mom,HIGH,100.0,1,1,TP
wa.tuanslot88stock.com,HIGH,100.0,1,1,TP
lagi-di-atas-langit.pages.dev,LOW,20.71,0,1,FN
bj7jctws4y44mg8k6swb.okejp-x.com,HIGH,50.0,1,1,TP
www.rujukindovegas4d.net,HIGH,100.0,1,1,TP
de-wi-365.com,HIGH,60.15,1,1,TP
sunda7872026.com,HIGH,100.0,1,1,TP
bandar69-rtp.site,HIGH,100.0,1,1,TP
ragnaroktogel87.com,LOW,0.0,0,1,FN
muliajitu1.cyou,HIGH,100.0,1,1,TP
y200m2025.homes,MEDIUM,50.0,1,1,TP
2d35cqmrfi.gt108vip3.com,HIGH,100.0,1,1,TP
manta367.shop,HIGH,100.0,1,1,TP
7hy8kn.sumselampera.online,HIGH,100.0,1,1,TP
ular900jaya.site,HIGH,100.0,1,1,TP
www.maxistotox3.com,MEDIUM,50.0,1,1,TP
2februari.landakmeledak.com,HIGH,100.0,1,1,TP
1ggoeft1vs.rudaltotoking.com,HIGH,100.0,1,1,TP
pk006.paduka77a.store,HIGH,100.0,1,1,TP
guncacamax.site,HIGH,87.5,1,1,TP
kaskus4dboba.com,HIGH,85.0,1,1,TP
88javaplay.net,HIGH,52.97,1,1,TP
hilux869.luxtogelgacor.net,MEDIUM,47.5,1,1,TP
rtpflexihoki28.xyz,HIGH,100.0,1,1,TP
mega303populardaftar.pages.dev,MEDIUM,50.0,1,1,TP
apk.kingdomjaya.com,LOW,0.0,0,1,FN
totojek-hijau.site,HIGH,100.0,1,1,TP
mobilaka899.website,LOW,7.5,0,1,FN
apk-asdjfajldlk.besok4d.top,HIGH,100.0,1,1,TP
tirto88byon.xyz,LOW,0.0,0,1,FN
www.arjuna88panas.com,HIGH,100.0,1,1,TP
koin79.jitu.win,MEDIUM,50.0,1,1,TP
www.kolamlele247.vip,HIGH,100.0,1,1,TP
h9mamfuk04wk0n5weiz8.myjpcash.com,MEDIUM,50.0,1,1,TP
casinogamingreviews.com,LOW,0.0,0,1,FN
rtptugubetvip.sbs,HIGH,100.0,1,1,TP
takurjitugroup.site,HIGH,53.46,1,1,TP
on34481.com,HIGH,95.0,1,1,TP
paten33f.com,HIGH,50.64,1,1,TP
sand77b.site,HIGH,100.0,1,1,TP
hebat99op.com,HIGH,100.0,1,1,TP
sungaipelaut.com,MEDIUM,50.0,1,1,TP
pck303.store,HIGH,100.0,1,1,TP
golbossuper.net,HIGH,71.92,1,1,TP
bezdep.vip,LOW,25.0,0,1,FN
alfabet88.asia,HIGH,100.0,1,1,TP
panen77slt.store,HIGH,97.63,1,1,TP
pastigacor.peniti4ddomain.com,HIGH,100.0,1,1,TP
mambawingame.click,HIGH,100.0,1,1,TP
jepe711mari.com,LOW,24.7,0,1,FN
cair50.wiki,HIGH,66.43,1,1,TP
bk-ttt.site,LOW,0.0,0,1,FN
maret88av.store,HIGH,100.0,1,1,TP
badak138s.net,HIGH,100.0,1,1,TP
dede4dolan.com,HIGH,85.0,1,1,TP
akun77rtpliveterbaik.ngahooterstour.com,HIGH,100.0,1,1,TP
i5gungvzxdcqxqr75qr6.onictotohome.com,HIGH,100.0,1,1,TP
teviwaduk700.vip,HIGH,100.0,1,1,TP
allinone-cuancuan.pages.dev,MEDIUM,50.0,1,1,TP
13.228.176.132,HIGH,100.0,1,1,TP
fb88resmi13.com,HIGH,100.0,1,1,TP
pola10.rtputamaexo.com,MEDIUM,50.0,1,1,TP
panen100semua.site,HIGH,99.81,1,1,TP
pijartaff.com,MEDIUM,45.0,1,1,TP
yokkeraton88.xyz,HIGH,100.0,1,1,TP
pelanggan-sabaiguy.pages.dev,HIGH,52.24,1,1,TP
www.galaxy77antariksa.com,HIGH,97.5,1,1,TP
pefjn0nfoe.trik-nasa.xyz,HIGH,100.0,1,1,TP
linkwla168.vip,MEDIUM,50.0,1,1,TP
kananbetmenang.com,HIGH,87.5,1,1,TP
gurujaya2025.lol,HIGH,100.0,1,1,TP
bigcemeip.beauty,HIGH,97.09,1,1,TP
3f3ndqsocq.kaskuskita.com,MEDIUM,46.42,1,1,TP
y1s9g9j7oe.vwvip2.pro,HIGH,100.0,1,1,TP
hut4djam.com,HIGH,100.0,1,1,TP
zeus999.gayo88.space,HIGH,100.0,1,1,TP
dwlbngydhtksytngjdntyre.store,HIGH,89.31,1,1,TP
enuwvwvvpc.ttbarelang.cyou,HIGH,55.34,1,1,TP
indoagb99.quest,HIGH,100.0,1,1,TP
rtpslotterbarik99.online,HIGH,100.0,1,1,TP
lightmika.site,MEDIUM,45.02,1,1,TP
ares188alternatif.beauty,LOW,0.0,0,1,FN
kewarga777b.com,HIGH,100.0,1,1,TP
likmaies.skin,HIGH,100.0,1,1,TP
sarangslot88b.beer,HIGH,100.0,1,1,TP
linkmitra77.biz,MEDIUM,50.0,1,1,TP
bskyu37557.matador168portalmasuk.com,LOW,20.0,0,1,FN
jqriu4t5ntogtdqpa6dk.jpmariofixx.site,HIGH,100.0,1,1,TP
tentenslotgame.biz,HIGH,100.0,1,1,TP
cawancoc.com,HIGH,100.0,1,1,TP
selfsufficient.store,HIGH,100.0,1,1,TP
dewa222wow.com,HIGH,100.0,1,1,TP
wdgemoy2027.site,HIGH,53.38,1,1,TP
arenadagangjudi.xyz,HIGH,100.0,1,1,TP
vava4dwina.com,HIGH,100.0,1,1,TP
40d838d0cm296ndf6wwr.bungaslot.dev,HIGH,87.5,1,1,TP
colowinspc.com,HIGH,100.0,1,1,TP
kelasdunia.online,HIGH,100.0,1,1,TP
05.togel900-x.com,HIGH,100.0,1,1,TP
el1gsdhe34z4lg1j9egz.bungaslot.dev,HIGH,87.5,1,1,TP
jagoaneksklusif.live,HIGH,100.0,1,1,TP
ma003.tupay79a.live,HIGH,100.0,1,1,TP
www.zlato-stribro.com,MEDIUM,50.0,1,1,TP
mc001.banteng128b.online,HIGH,100.0,1,1,TP
forexajaib.info,HIGH,100.0,1,1,TP
3.jepe500play.lol,HIGH,100.0,1,1,TP
rtp-betwin188-selalu.online,HIGH,86.61,1,1,TP
c8.winterfresh.ink,HIGH,100.0,1,1,TP
datakominfo.kotaprabumulih.go.id,LOW,0.0,0,1,FN
pendekar138tulip.com,HIGH,100.0,1,1,TP
link268rtpgampangmenang.ngahooterstour.com,HIGH,100.0,1,1,TP
lgfg6a8iktmcqu9fb54t.araitoto-x.com,HIGH,50.0,1,1,TP
betking88xa.site,HIGH,100.0,1,1,TP
czhdz42696.bgplay.us,HIGH,73.45,1,1,TP
syariahmandirixmpo555.pages.dev,HIGH,100.0,1,1,TP
melodi99gokil.com,HIGH,85.0,1,1,TP
idxstarboss.top,LOW,0.0,0,1,FN
nemospin80.site,HIGH,100.0,1,1,TP
www.afterwin88jago.com,HIGH,100.0,1,1,TP
www.hotchkissgroup.co.uk,LOW,5.0,0,1,FN
pokeralien-mantap.site,HIGH,85.52,1,1,TP
rajanaga777jp.online,HIGH,100.0,1,1,TP
slotbom77gcr.buzz,HIGH,100.0,1,1,TP
sakurawin-jd.space,HIGH,100.0,1,1,TP
mahkotaplatform.com,HIGH,100.0,1,1,TP
3.rtp-slot-gtatogel.com,HIGH,100.0,1,1,TP
mawarzeus.net,HIGH,100.0,1,1,TP
mag138kopi.art,HIGH,95.0,1,1,TP
polatop.rtpduatoto.pro,HIGH,100.0,1,1,TP
20iya777.com,HIGH,100.0,1,1,TP
empat.pns777link.com,HIGH,100.0,1,1,TP
rajajudi88jp6.space,HIGH,100.0,1,1,TP
www.wonderyak.org,MEDIUM,50.0,1,1,TP
rtp2.jitutesla.com,HIGH,100.0,1,1,TP
gama-1.happyjudi.dev,LOW,20.0,0,1,FN
menang8website.com,HIGH,100.0,1,1,TP
id1gndjvim.dewajp.cyou,HIGH,100.0,1,1,TP
n0hru64ncu.kaskuskita.com,MEDIUM,46.4,1,1,TP
av019.ave189.com,HIGH,100.0,1,1,TP
singaitubuas.lol,HIGH,100.0,1,1,TP
rtpsingaplay.xyz,HIGH,100.0,1,1,TP
otobq9yifvhhoxbt02ug.bungaslot.dev,HIGH,87.5,1,1,TP
3hr4wo3qyoexuhla0mcv.gayatoto268.site,HIGH,100.0,1,1,TP
oke25.store,HIGH,100.0,1,1,TP
jnt6d.cfd,HIGH,100.0,1,1,TP
syd.asentogel.wiki,HIGH,80.0,1,1,TP
emperor268-ux.com,HIGH,100.0,1,1,TP
resmi9.situsbaik777.com,HIGH,100.0,1,1,TP
asiawd1109.store,LOW,7.5,0,1,FN
kuarto138.top,HIGH,100.0,1,1,TP
n6ojnpq9ch.dota88e.life,HIGH,100.0,1,1,TP
pakbos188jaya.xyz,LOW,6.92,0,1,FN
indomegatoto.vip,HIGH,75.0,1,1,TP
96upk6zu8p.gt108vip3.com,HIGH,100.0,1,1,TP
b2hq3byc5a.kopivip2.pro,HIGH,97.5,1,1,TP
ap8i.slot8808.fit,HIGH,100.0,1,1,TP
mabar96.org,HIGH,100.0,1,1,TP
rtpcuan-win178.hair,HIGH,100.0,1,1,TP
6xm4u881d8.kaskuskita.com,MEDIUM,44.17,1,1,TP
warnakitab4d.land,HIGH,60.28,1,1,TP
situs1.pakhoki.live,HIGH,91.05,1,1,TP
eth777.site,HIGH,100.0,1,1,TP
rtppelukbet.top,HIGH,100.0,1,1,TP
r8igdtki4g.pascolcool.com,MEDIUM,45.0,1,1,TP
kilat333.site,HIGH,100.0,1,1,TP
vmovee-official.site,HIGH,53.5,1,1,TP
jojo899sip.site,HIGH,100.0,1,1,TP
wahanaslotlk2.online,HIGH,87.5,1,1,TP
dompetkulit.space,HIGH,100.0,1,1,TP
vjcmz3ee7f.dino99e.one,HIGH,100.0,1,1,TP
bwo99-febsred.space,HIGH,100.0,1,1,TP
mpo17t.mudah-jp.vip,HIGH,100.0,1,1,TP
musimgokil.com,LOW,0.0,0,1,FN
drone.zorro4dmiracle.com,HIGH,100.0,1,1,TP
ecrgr12452.unovegasidn1.com,HIGH,100.0,1,1,TP
pw5rk5c770ew0cwut4dr.bungaslot.dev,HIGH,87.5,1,1,TP
tahuwinbid.xyz,HIGH,100.0,1,1,TP
akunmaxwin.org,HIGH,100.0,1,1,TP
idrtoto38.com,HIGH,100.0,1,1,TP
shop.curatestaginganddesign.co.uk,LOW,0.0,0,1,FN
44.wt707.fit,HIGH,53.57,1,1,TP
h6fhdcafjvciq0w876pm.jejetoto-268.site,HIGH,100.0,1,1,TP
romanobet-on.pages.dev,MEDIUM,45.0,1,1,TP
wg6owhezwt.botuna55c.click,HIGH,100.0,1,1,TP
www.loadingdockslc.com,HIGH,100.0,1,1,TP
neo108grats.xyz,HIGH,100.0,1,1,TP
tappmedical.com,LOW,0.0,0,1,FN
zia34279.com,HIGH,80.0,1,1,TP
daftar.gacor368grup.com,MEDIUM,40.0,1,1,TP
peruenlanoticia.com,HIGH,87.5,1,1,TP
syphratus-id.space,HIGH,100.0,1,1,TP
gpbsnie8vi.prada55c.one,HIGH,100.0,1,1,TP
wd88-main.com,HIGH,100.0,1,1,TP
5gztn1bl66.top1toto199.com,LOW,12.5,0,1,FN
dvtoto.site,HIGH,100.0,1,1,TP
paris123.cfd,HIGH,87.5,1,1,TP
arena369join.lol,HIGH,100.0,1,1,TP
tastejco.com,HIGH,85.0,1,1,TP
raffi88doublemajor.net,HIGH,100.0,1,1,TP
www.cumidarat.click,LOW,12.5,0,1,FN
dana50ya.xyz,HIGH,85.0,1,1,TP
walawe.dekadeplay1.site,LOW,0.0,0,1,FN
keasikankali.xyz,HIGH,100.0,1,1,TP
perang-138slot.xyz,HIGH,100.0,1,1,TP
hz2u68v87v.pascolcool.com,MEDIUM,45.0,1,1,TP
kudustotoresmi.org,HIGH,100.0,1,1,TP
gomugif.site,HIGH,53.04,1,1,TP
gospin303toto.space,HIGH,100.0,1,1,TP
ltqapwcm0c.slotbesarvip2.pro,HIGH,100.0,1,1,TP
top5totooallternatif.site,LOW,0.0,0,1,FN
oriental66.shop,HIGH,100.0,1,1,TP
rtplabel138l.xyz,HIGH,100.0,1,1,TP
bebjackpot.xyz,HIGH,100.0,1,1,TP
bolang588jack.com,HIGH,100.0,1,1,TP
mbet338master.cc,HIGH,57.91,1,1,TP
colowinext.com,LOW,0.0,0,1,FN
y8g89faih3wqnw3454kt.vdkgatheringpoint.social,MEDIUM,50.0,1,1,TP
rummy888vip25.com,LOW,0.0,0,1,FN
alterkipas3.vip,HIGH,100.0,1,1,TP
ktp168-alt.shop,HIGH,100.0,1,1,TP
rogtot.com,HIGH,100.0,1,1,TP
www.spaceanugerahtoto.net,HIGH,100.0,1,1,TP
ryu4dseru.com,HIGH,100.0,1,1,TP
amp-gas1m-rtp.pages.dev,HIGH,100.0,1,1,TP
breadforlife.us,LOW,9.73,0,1,FN
buah.koi288ocean.com,HIGH,100.0,1,1,TP
anitaunstopable.com,HIGH,100.0,1,1,TP
damrikuat.vip,HIGH,100.0,1,1,TP
blazernest.com,MEDIUM,50.0,1,1,TP
j53oblu1uhml6edtx3bn.bungaslot.dev,HIGH,87.5,1,1,TP
a8td82ro1a.bingo188e.sbs,HIGH,100.0,1,1,TP
95edwinslot-4d.xyz,HIGH,100.0,1,1,TP
abadislot8.org,HIGH,100.0,1,1,TP
3002-hkb77.xyz,HIGH,100.0,1,1,TP
bensunila.com,HIGH,79.06,1,1,TP
cemungut.pages.dev,MEDIUM,50.0,1,1,TP
plmenang88.com,HIGH,100.0,1,1,TP
ca009.monata189.site,HIGH,100.0,1,1,TP
aksesmulia77.quest,HIGH,100.0,1,1,TP
istanaimpian2.works,HIGH,100.0,1,1,TP
zl5oi74omvifreocl4lt.delitotomasuk.com,HIGH,100.0,1,1,TP
www.rtp69gsc11.xyz,HIGH,100.0,1,1,TP
da77live.pages.dev,HIGH,100.0,1,1,TP
vipbet88majestic.com,HIGH,96.96,1,1,TP
mawar800putih.site,HIGH,91.38,1,1,TP
amplagi-zengzhiyuan.pages.dev,HIGH,100.0,1,1,TP
zb-icha.pages.dev,HIGH,84.59,1,1,TP
asiawd888.store,LOW,7.5,0,1,FN
spjam8gbireb6rhm.hiudufan.com,HIGH,100.0,1,1,TP
bio.bet,LOW,5.0,0,1,FN
q10w01a4s4vb7scl96de.mixslotsuper.site,HIGH,60.0,1,1,TP
wlatogelvip.quest,HIGH,100.0,1,1,TP
topcaz.com,LOW,5.0,0,1,FN
xdhfubcvk63zv4tc49pt.vodkatotofix.online,HIGH,100.0,1,1,TP
52.76.179.230,HIGH,100.0,1,1,TP
www.rubensmeatmarkets.com,HIGH,72.5,1,1,TP
batavia4dmania.com,HIGH,100.0,1,1,TP
idamanrtp.fit,HIGH,100.0,1,1,TP
sgatinggi.com,HIGH,100.0,1,1,TP
www.kravmk.it,LOW,0.0,0,1,FN
dotmax99link.xyz,HIGH,100.0,1,1,TP
masuktunai4d.site,HIGH,100.0,1,1,TP
5200-hkb77.xyz,HIGH,100.0,1,1,TP
koi200.sbs,HIGH,100.0,1,1,TP
sortoto-pro.online,HIGH,100.0,1,1,TP
dbawiki.mariapps.com,HIGH,100.0,1,1,TP
1qba41tcat.top1toto199.com,LOW,12.5,0,1,FN
hongjanji.com,HIGH,53.83,1,1,TP
dexwin88rtpwin.com,HIGH,100.0,1,1,TP
a.gengpg66.com,MEDIUM,50.0,1,1,TP
muara777-resmi.cyou,HIGH,87.5,1,1,TP
u0905f28hx.jaya4dxin.xyz,HIGH,90.0,1,1,TP
togaplaymoon.com,HIGH,100.0,1,1,TP
bangsawan39.online,MEDIUM,50.0,1,1,TP
klik99bol.xyz,HIGH,80.76,1,1,TP
jt8sce4bqd7rzpj7beip.jejetoto-268.site,HIGH,100.0,1,1,TP
1329gg.bet,LOW,9.01,0,1,FN
autoslot88d.sbs,HIGH,100.0,1,1,TP
harian.promomawarslot3.site,HIGH,50.63,1,1,TP
3bsw.space,HIGH,100.0,1,1,TP
abc123x.org,MEDIUM,50.0,1,1,TP
omislot1a.store,HIGH,100.0,1,1,TP
owtoto.app,HIGH,100.0,1,1,TP
шидоайкидо.рф,MEDIUM,50.0,1,1,TP
binjaitotoultra.com,HIGH,100.0,1,1,TP
xpkg.domino4dfav.com,MEDIUM,50.0,1,1,TP
dipetikaza.live,HIGH,67.83,1,1,TP
lawasbiasa.com,MEDIUM,32.5,1,1,TP
uno808rr.cfd,LOW,0.0,0,1,FN
gogelbetviral.website,HIGH,100.0,1,1,TP
rtpmangkokcun.mom,HIGH,100.0,1,1,TP
ww9.yukistar99.site,HIGH,100.0,1,1,TP
bbtotoindo.store,HIGH,53.21,1,1,TP
ras006.serasi189x.site,HIGH,100.0,1,1,TP
bn77f.lol,HIGH,100.0,1,1,TP
11win.bet,LOW,5.0,0,1,FN
jowoo.pen4d.art,HIGH,71.64,1,1,TP
rajajp188enak.com,HIGH,100.0,1,1,TP
zjwof71vowi0hpcgya9j.bungaslot.dev,HIGH,83.64,1,1,TP
pecah11hidiw.online,HIGH,100.0,1,1,TP
rtp-erabet88.pages.dev,HIGH,100.0,1,1,TP
roomvipsabi20.shop,HIGH,87.5,1,1,TP
aiagent.bet,LOW,5.0,0,1,FN
www.prediksikota05.com,HIGH,78.24,1,1,TP
lazncgwg2j.sontogel002.com,HIGH,56.0,1,1,TP
dewislot77bc.xyz,HIGH,100.0,1,1,TP
alt2026koibet4d.com,HIGH,100.0,1,1,TP
188.166.220.37,LOW,7.5,0,1,FN
milenium88ragnar.xyz,LOW,0.0,0,1,FN
w8gz.benderahoki.site,HIGH,100.0,1,1,TP
www.ituvvip.online,HIGH,89.0,1,1,TP
bege799l.site,HIGH,100.0,1,1,TP
s8dhi.cuan-banyak.store,HIGH,100.0,1,1,TP
vgsh88.com,MEDIUM,50.0,1,1,TP
wiraspin88.wtf,HIGH,100.0,1,1,TP
5unsurmagic.com,HIGH,100.0,1,1,TP
superwin303word.com,HIGH,100.0,1,1,TP
se7winakseslogin.com,HIGH,100.0,1,1,TP
lakuhiasan.com,HIGH,52.96,1,1,TP
ampkristenisasicuan128.pages.dev,HIGH,52.68,1,1,TP
bandarsbo2-5oo.site,HIGH,100.0,1,1,TP
mimibagus.art,HIGH,100.0,1,1,TP
l2olsgo7q5.jos55ku.pics,LOW,7.5,0,1,FN
boatcast.jp,LOW,7.5,0,1,FN
garongviphero.cyou,HIGH,100.0,1,1,TP
manila55f.sbs,HIGH,100.0,1,1,TP
teknisiponsel.lat,HIGH,95.0,1,1,TP
iclean.co.id,LOW,0.0,0,1,FN
krhgaoe8qi.markas338dikawal.com,HIGH,56.69,1,1,TP
cloudway388.top,HIGH,100.0,1,1,TP
kaptenslot3.com,HIGH,100.0,1,1,TP
jaheharum99-pro.com,MEDIUM,50.0,1,1,TP
pangerantoto4.wtf,HIGH,91.91,1,1,TP
dqryp29292.pandawa88vip.com,MEDIUM,50.0,1,1,TP
linkcuan-ganas33.icu,HIGH,100.0,1,1,TP
tahuplaybro.sbs,HIGH,100.0,1,1,TP
rtpjuaraslot88lemon.xyz,HIGH,100.0,1,1,TP
103.90.248.218,LOW,0.0,0,1,FN
nastarkita.com,HIGH,100.0,1,1,TP
ms-menang2.store,HIGH,100.0,1,1,TP
bapautoto5.online,HIGH,100.0,1,1,TP
juraganrtp.art,HIGH,100.0,1,1,TP
hijauwinreal.space,HIGH,100.0,1,1,TP
tigerbet388.me,HIGH,56.24,1,1,TP
马秋元.ink,HIGH,100.0,1,1,TP
ares.wangsa787mantap.com,HIGH,100.0,1,1,TP
ethesis-info.pages.dev,HIGH,52.11,1,1,TP
2.sega4dkuy.live,HIGH,100.0,1,1,TP
n382pfpse9xjrxlbmb5w.bungaslot.dev,HIGH,87.5,1,1,TP
www.kisarantotomanjur.com,HIGH,54.35,1,1,TP
rajajp188yuk.com,HIGH,100.0,1,1,TP
winmulu24.com,HIGH,100.0,1,1,TP
haruspaste4d.site,HIGH,100.0,1,1,TP
king-of-judi33.quest,LOW,15.0,0,1,FN
maingalaxybet.net,HIGH,88.91,1,1,TP
octavip.site,HIGH,100.0,1,1,TP
bjr98syp9unkjramxfgt.bungaslot.dev,HIGH,87.5,1,1,TP
www.victorytotox3.com,MEDIUM,50.0,1,1,TP
kudustoto3.online,HIGH,100.0,1,1,TP
q8.winterfresh.ink,HIGH,100.0,1,1,TP
sojus88.click,HIGH,100.0,1,1,TP
langit88game.xyz,HIGH,100.0,1,1,TP
kamarresmiicaku.shop,HIGH,100.0,1,1,TP
jyjy2.buktijpmwr1.site,MEDIUM,50.0,1,1,TP
cuansyndicate.site,HIGH,100.0,1,1,TP
rlixfpzlicer43u9qwyv.bungaslot.dev,HIGH,87.5,1,1,TP
link2-dewaasia.xyz,MEDIUM,50.0,1,1,TP
link12.ligaubohoki.xyz,MEDIUM,50.0,1,1,TP
9864ea3nz1.kaskuskita.com,HIGH,50.39,1,1,TP
eziuctklv3.prada55paten.vip,HIGH,100.0,1,1,TP
huraskandal.site,HIGH,95.47,1,1,TP
warisantoto.net,HIGH,100.0,1,1,TP
ye95e0vclyniqz5oclju.bungaslot.dev,HIGH,87.5,1,1,TP
poltarkencang10.com,HIGH,100.0,1,1,TP
piktoto1.online,MEDIUM,50.0,1,1,TP
lapan8h.cloud,HIGH,100.0,1,1,TP
dvflhbos62.slotbesarvip2.pro,HIGH,100.0,1,1,TP
poliwrath.rtp-mahjongjp88.com,HIGH,100.0,1,1,TP
pv3h5mfa2g.kaskuskita.com,HIGH,50.3,1,1,TP
babon4dcake.site,HIGH,100.0,1,1,TP
toko56senang.shop,HIGH,87.5,1,1,TP
borneo303-vip.site,HIGH,67.91,1,1,TP
senopati4d-2ik.pages.dev,MEDIUM,50.0,1,1,TP
sahamhost.com,MEDIUM,37.5,1,1,TP
cupuresmi.com,HIGH,100.0,1,1,TP
nollapan0226.baut777.one,LOW,0.0,0,1,FN
klop25.kdslo.com,HIGH,100.0,1,1,TP
ugwin288vip7.vip,HIGH,100.0,1,1,TP
web02.jayabola.fyi,HIGH,100.0,1,1,TP
main-mpokita.store,HIGH,100.0,1,1,TP
axas888.com,LOW,18.67,0,1,FN
brandingsubur.com,LOW,12.5,0,1,FN
ball.loginsitus8888.online,HIGH,100.0,1,1,TP
girang4dmeroket.club,HIGH,100.0,1,1,TP
dunia108men.com,HIGH,92.5,1,1,TP
rtpgacor.totorawit.info,HIGH,100.0,1,1,TP
wis77-mighty.com,HIGH,100.0,1,1,TP
master222.com,HIGH,66.82,1,1,TP
r7vn.oyamurayama.com,HIGH,67.5,1,1,TP
agenpiala805.ink,HIGH,68.19,1,1,TP
win138z2.com,HIGH,100.0,1,1,TP
ampblsgacor.com,LOW,7.5,0,1,FN
ular8.infopromo.site,LOW,0.0,0,1,FN
lee.datukwin.org,HIGH,67.49,1,1,TP
gpp.tomanku.id,HIGH,100.0,1,1,TP
indo4d-j.com,HIGH,100.0,1,1,TP
wa.agenn888.fit,HIGH,100.0,1,1,TP
totokitagem.xyz,LOW,0.0,0,1,FN
araslot88ampuh.store,HIGH,100.0,1,1,TP
buntut2026.site,LOW,0.0,0,1,FN
a15.hdtogel.vip,HIGH,55.14,1,1,TP
27yrmrvjd4.kaskuskita.com,MEDIUM,42.5,1,1,TP
f200m2026.xyz,HIGH,100.0,1,1,TP
companylibra168.com,MEDIUM,39.3,1,1,TP
rtpbom29make.xyz,HIGH,100.0,1,1,TP
atm4dump.top,MEDIUM,50.0,1,1,TP
trikjepe.mc303center.site,MEDIUM,50.0,1,1,TP
takurup.com,HIGH,93.6,1,1,TP
mekyfrg98jfj1mwhe83x.bungaslot.dev,HIGH,87.5,1,1,TP
exnes4d.us,HIGH,63.06,1,1,TP
main.kopertoto.site,HIGH,100.0,1,1,TP
u9kk0la7et.jumbo189.com,MEDIUM,45.0,1,1,TP
laskarmain.site,HIGH,100.0,1,1,TP
mentozs4d.com,HIGH,100.0,1,1,TP
qqdewilp.com,HIGH,100.0,1,1,TP
asbo-la.com,HIGH,100.0,1,1,TP
www.mpo8821papua.com,HIGH,100.0,1,1,TP
tarik4d2.co,HIGH,100.0,1,1,TP
m11slots.com,HIGH,100.0,1,1,TP
3ulq8utcsn.ltdtoto002.com,HIGH,100.0,1,1,TP
beb88-teknikmax.site,HIGH,100.0,1,1,TP
ingatholyslot77.store,HIGH,100.0,1,1,TP
zm005.zuma78.store,HIGH,100.0,1,1,TP
puritogel88-poster.site,HIGH,87.5,1,1,TP
bonaslot-cair.shop,HIGH,100.0,1,1,TP
sakauslebew.site,HIGH,60.0,1,1,TP
nationalkidneycenter.link-oke.click,HIGH,82.61,1,1,TP
jp.gg-tokyo.com,MEDIUM,50.0,1,1,TP
ads5.rajajago.app,HIGH,100.0,1,1,TP
link3.sultandanatogel.org,HIGH,100.0,1,1,TP
755quwo3dzrwrp6sotyn.ibox4docean.net,HIGH,100.0,1,1,TP
4fzp2pg1ef.asgacor.pro,HIGH,100.0,1,1,TP
moyangberkah.xyz,HIGH,100.0,1,1,TP
sutrapesta.store,HIGH,87.5,1,1,TP
c15xctekfb.top1toto199.com,LOW,12.5,0,1,FN
eurmu887wj.briotepat.com,LOW,0.0,0,1,FN
j8decasino3.com,MEDIUM,50.0,1,1,TP
3sgp4d.fit,HIGH,100.0,1,1,TP
winslot8jaya.net,MEDIUM,50.0,1,1,TP
macankali.info,HIGH,100.0,1,1,TP
probet855.co,HIGH,50.0,1,1,TP
biur3xv48v.top1toto199.com,LOW,12.5,0,1,FN
fortsteamkeris2.click,LOW,7.5,0,1,FN
laramantap03.com,HIGH,100.0,1,1,TP
www.king999alam.com,HIGH,100.0,1,1,TP
apk-slt123koi.haitogel.lol,HIGH,97.5,1,1,TP
senopatibola-jitu.pages.dev,HIGH,53.64,1,1,TP
kudetabet98achievejackpot.com,HIGH,100.0,1,1,TP
r34h9677g2.top1toto199.com,LOW,12.5,0,1,FN
sunplazabola.com,HIGH,100.0,1,1,TP
3hd3i4ufffpyvhyromum.bungaslot.dev,HIGH,87.5,1,1,TP
vonza.com.se,HIGH,88.66,1,1,TP
ads15.adscoli.site,HIGH,100.0,1,1,TP
ntday.mpomustzone.pro,HIGH,100.0,1,1,TP
rtp4.bintang78.live,HIGH,100.0,1,1,TP
bebtotoamp6.bigbossgacor.com,HIGH,58.83,1,1,TP
uban4d1132.site,HIGH,100.0,1,1,TP
resources.betx.bet,LOW,0.0,0,1,FN
liganusa3.net,MEDIUM,50.0,1,1,TP
ppb88.xyz,HIGH,100.0,1,1,TP
playndx-bento123.xyz,HIGH,100.0,1,1,TP
badai-2.pages.dev,HIGH,68.07,1,1,TP
hoki.primeshadesblindsanddoors.online,HIGH,100.0,1,1,TP
bapautoto5.live,HIGH,100.0,1,1,TP
333hokia.pages.dev,LOW,5.0,0,1,FN
link3.hkdlancar.online,HIGH,100.0,1,1,TP
bus4deg.sbs,HIGH,100.0,1,1,TP
pandacloudspin88.com,HIGH,90.0,1,1,TP
www.superwealthtraining.com,MEDIUM,50.0,1,1,TP
ganeshenggcollege-research.pages.dev,MEDIUM,50.0,1,1,TP
www.rabiahospitals.com,LOW,0.0,0,1,FN
mujur505first.com,HIGH,97.47,1,1,TP
rajatoto3cup.com,HIGH,100.0,1,1,TP
pecahgogo.site,HIGH,100.0,1,1,TP
rajajudi88jp6.site,HIGH,100.0,1,1,TP
dewabola88wow.vip,MEDIUM,50.0,1,1,TP
sn005.sinaga79.online,HIGH,100.0,1,1,TP
ultislot88cuan.online,LOW,12.5,0,1,FN
hhen6azerr.hugo77juara.biz,LOW,7.5,0,1,FN
japanjipin.xyz,HIGH,100.0,1,1,TP
33x2yx1204s4eudcvhnc.gayatoto268.site,HIGH,100.0,1,1,TP
kurir89promax.com,MEDIUM,50.0,1,1,TP
sktlogin.store,HIGH,58.52,1,1,TP
ihip-mohfw-online-v1.pages.dev,HIGH,82.35,1,1,TP
dunia777ultra.ink,MEDIUM,37.5,1,1,TP
molasayang.xyz,HIGH,100.0,1,1,TP
idngglink.com,HIGH,54.79,1,1,TP
w1z7b9zd0jox9zun0788.araitoto-x.com,HIGH,50.0,1,1,TP
naskahtoto.com,HIGH,100.0,1,1,TP
vpmwgu3tw7rvpwwu9v5j.bungaslot.dev,HIGH,87.5,1,1,TP
e200m-win.store,HIGH,100.0,1,1,TP
1februari.selalubahagia.com,HIGH,100.0,1,1,TP
ras007.serasi189x.site,HIGH,100.0,1,1,TP
linkvipgr303.skin,HIGH,100.0,1,1,TP
rtpslotgacor-fusototo.pages.dev,HIGH,70.31,1,1,TP
www.glorybet77-u.xyz,HIGH,100.0,1,1,TP
panen123ryl.lol,HIGH,100.0,1,1,TP
them26.togelkds.com,HIGH,100.0,1,1,TP
mytekat4djp.info,HIGH,100.0,1,1,TP
jalakbest.info,HIGH,100.0,1,1,TP
buntogelwba.com,HIGH,100.0,1,1,TP
vk4byufpaetn7992x33s.bungaslot.dev,HIGH,87.5,1,1,TP
3bsw.shop,HIGH,100.0,1,1,TP
king88online.space,HIGH,100.0,1,1,TP
0mp2sk6c2m.top1toto89.com,LOW,14.3,0,1,FN
1wallet.bet,LOW,0.0,0,1,FN
hqb88x.com,HIGH,100.0,1,1,TP
z3y3s3joasvp9nam54le.jpmania-resmi.com,HIGH,100.0,1,1,TP
ferraritotoin.xyz,LOW,25.0,0,1,FN
garasislotmain.com,HIGH,100.0,1,1,TP
hfs4s4y0zjc3xo4oyewh.bungaslot.dev,HIGH,87.5,1,1,TP
kiostoto-wdwd.xyz,HIGH,100.0,1,1,TP
m.9kwinneri.com,HIGH,100.0,1,1,TP
389sportsbiru.com,HIGH,51.69,1,1,TP
y1y9uc0b5r.petarunghandal.cfd,HIGH,100.0,1,1,TP
rute303-top.site,HIGH,100.0,1,1,TP
amp5-idrslot138.net,HIGH,95.08,1,1,TP
doraplay88k-amp.xyz,LOW,0.0,0,1,FN
capacitacionesempresarialesecuador.com,HIGH,100.0,1,1,TP
kingbokeb.org,HIGH,92.5,1,1,TP
home83329.com,HIGH,77.5,1,1,TP
fish.ac99playindx.vip,MEDIUM,41.34,1,1,TP
pgb49.site,HIGH,100.0,1,1,TP
tiketjpslot.xyz,HIGH,52.51,1,1,TP
kopral858.com,HIGH,66.74,1,1,TP
takureasywin.xyz,HIGH,93.85,1,1,TP
dc5ugpiv69.rudaltotoking.com,HIGH,100.0,1,1,TP
indahslotjackpot.info,HIGH,58.74,1,1,TP
qygtnkux53p2ix588ozg.vdkgatheringpoint.social,HIGH,52.0,1,1,TP
8februari.landakmeledak.com,HIGH,100.0,1,1,TP
e2k1wxilpz.top1toto199.com,LOW,12.5,0,1,FN
4.nomorangkasa.info,HIGH,60.68,1,1,TP
www.lyndiinthecity.com,LOW,0.0,0,1,FN
abkslotjoker.com,HIGH,100.0,1,1,TP
motowin77a.za.com,HIGH,100.0,1,1,TP
topovo288.xyz,HIGH,100.0,1,1,TP
11rtpceria777.info,HIGH,100.0,1,1,TP
link2.gacoan.net,HIGH,82.5,1,1,TP
dermagawin.space,HIGH,100.0,1,1,TP
www.polarisaus.com.au,HIGH,50.42,1,1,TP
dedealter.store,MEDIUM,44.99,1,1,TP
nagaraharja.com,HIGH,100.0,1,1,TP
server.seni108maxwin.com,HIGH,100.0,1,1,TP
boomingberuang.com,LOW,15.0,0,1,FN
koipredictionelders.org,MEDIUM,50.0,1,1,TP
sayabet9.xyz,HIGH,98.41,1,1,TP
dx005.dw77x.store,HIGH,100.0,1,1,TP
mainnyalabet.net,HIGH,60.48,1,1,TP
slotrtp-tribun.pages.dev,HIGH,100.0,1,1,TP
kecubung788apk.com,MEDIUM,50.0,1,1,TP
gg.shopislot-maxwin.blog,HIGH,100.0,1,1,TP
jitu33af.com,HIGH,85.0,1,1,TP
calo11play.shop,HIGH,100.0,1,1,TP
gpn6r0jm1x.kopivip2.pro,HIGH,97.5,1,1,TP
kotavegastoto5.com,MEDIUM,50.0,1,1,TP
hoki168id.life,HIGH,100.0,1,1,TP
8o4lkn8qu4hsx9kwcmdy.gayatoto268.site,HIGH,100.0,1,1,TP
2noah4d.resmi5.com,LOW,7.5,0,1,FN
syphratus-id.online,HIGH,100.0,1,1,TP
huayworld.bet,LOW,5.0,0,1,FN
borneokota.com,HIGH,100.0,1,1,TP
loxlcoivhz0kfvt8866p.jpmariofixx.site,HIGH,100.0,1,1,TP
jambigtr.site,HIGH,96.28,1,1,TP
olx88jos.com,HIGH,100.0,1,1,TP
171kingkoi88.shop,HIGH,100.0,1,1,TP
hl303-ms.space,HIGH,100.0,1,1,TP
2226.bet,LOW,17.5,0,1,FN
dewahutan.xyz,HIGH,100.0,1,1,TP
fu4utsh6e9krnoyws0q5.bungaslot.dev,HIGH,87.5,1,1,TP
edutoto-masuk.blog,HIGH,100.0,1,1,TP
liga365qris.com,MEDIUM,50.0,1,1,TP
galaxy6623a.com,HIGH,52.09,1,1,TP
a5d9pk8t9b.sontogel002.com,HIGH,54.15,1,1,TP
tu008.takeru365.live,HIGH,100.0,1,1,TP
a38gqgd5rrhdzhoaiyzx.ratuselot.site,HIGH,100.0,1,1,TP
skofficial.id,MEDIUM,50.0,1,1,TP
coloklagiwangi01.org,HIGH,86.29,1,1,TP
rtp6-sloki88.xyz,HIGH,100.0,1,1,TP
angproof.com,HIGH,63.33,1,1,TP
kilat333-brand.shop,HIGH,100.0,1,1,TP
www.hstotoalter.com,MEDIUM,50.0,1,1,TP
kuya4dpro3.cc,LOW,0.0,0,1,FN
ampareamahyong.com,HIGH,82.5,1,1,TP
dragon.joker11alternatif.com,HIGH,73.75,1,1,TP
vvip05.wartegroyal.xyz,HIGH,56.78,1,1,TP
v5.winterfresh.ink,HIGH,100.0,1,1,TP
jarumemas.xyz,HIGH,100.0,1,1,TP
viralselir188.boats,HIGH,100.0,1,1,TP
mazo168-vixm.store,HIGH,100.0,1,1,TP
revistalaventana.cucsh.udg.mx,MEDIUM,50.0,1,1,TP
main3.rtphotelbet.net,HIGH,100.0,1,1,TP
dul10.fundulto.online,MEDIUM,50.0,1,1,TP
rsg2.vipnatunatoto.site,HIGH,100.0,1,1,TP
joinbostonslot.fit,LOW,10.0,0,1,FN
l6ads1.sumselampera.online,HIGH,100.0,1,1,TP
panen100wow.site,HIGH,99.83,1,1,TP
sobat-baik-google.pages.dev,MEDIUM,50.0,1,1,TP
alt-kayaa.pages.dev,HIGH,60.89,1,1,TP
wa88masuk.cyou,HIGH,100.0,1,1,TP
ketua66nyala.site,HIGH,70.14,1,1,TP
shoop.rajawinjp.art,HIGH,70.0,1,1,TP
ub0kqjsejb.situsasahan88.com,HIGH,100.0,1,1,TP
firstplay88cloud.com,HIGH,100.0,1,1,TP
fitri4d6.sbs,HIGH,100.0,1,1,TP
www.raja138makna.com,HIGH,100.0,1,1,TP
rtplihatwarkop69.xyz,HIGH,100.0,1,1,TP
43engkol88.com,HIGH,82.5,1,1,TP
ewqrrcyzfq.vegasvip2.pro,HIGH,88.59,1,1,TP
zemlya-chita.ru,HIGH,72.5,1,1,TP
d2.winterfresh.ink,HIGH,100.0,1,1,TP
infowarungterkini.com,LOW,0.0,0,1,FN
rtpmarjan898menang.store,HIGH,100.0,1,1,TP
tweedvalleyweekly.net.au,LOW,22.5,0,1,FN
beku4did.site,LOW,17.5,0,1,FN
x5zrwnnyvi.jumbo189.com,MEDIUM,45.0,1,1,TP
kompak4dbola.com,HIGH,87.5,1,1,TP
vqwftey2no32ut8msg3s.bungaslot.dev,HIGH,87.5,1,1,TP
sabdamerah.biz,HIGH,100.0,1,1,TP
qog2.ngawimasukkedua.com,HIGH,67.5,1,1,TP
rdbkbk2jqpsjiz7w07fx.vartotolola.com,HIGH,87.5,1,1,TP
mc001.baginda189b.online,HIGH,100.0,1,1,TP
rusiaslot88cx.top,HIGH,100.0,1,1,TP
akaroket178.site,HIGH,87.5,1,1,TP
omni4db.beauty,HIGH,100.0,1,1,TP
i015fcj0f6.rotogelas.xyz,LOW,2.3,0,1,FN
prima777d.top,HIGH,100.0,1,1,TP
superspin77.net,HIGH,100.0,1,1,TP
spapk-lotusdewamobile.shop,HIGH,100.0,1,1,TP
spinslotlogin.shop,HIGH,100.0,1,1,TP
mercy.starlightarcher1000.online,HIGH,100.0,1,1,TP
rtppay-tempogacor.pages.dev,HIGH,72.04,1,1,TP
rtp-jgk99.xyz,LOW,15.0,0,1,FN
aksesolxgg.com,HIGH,100.0,1,1,TP
ibyq2j65sx.petarunghandal.cfd,HIGH,100.0,1,1,TP
rtpdentotonew.online,HIGH,77.16,1,1,TP
marjan898atas.com,HIGH,100.0,1,1,TP
slot90hdd.xyz,HIGH,100.0,1,1,TP
xyttss0idw.wakandaslots.com,HIGH,100.0,1,1,TP
rtpvalidtribun62.xyz,HIGH,100.0,1,1,TP
seven.vegazr.site,HIGH,100.0,1,1,TP
rtpakun10.click,HIGH,85.79,1,1,TP
rtp-kurir89mntp.com,HIGH,100.0,1,1,TP
pol4donterus.fun,HIGH,100.0,1,1,TP
apk.bbfstoto.win,HIGH,68.23,1,1,TP
legianmax.com,HIGH,100.0,1,1,TP
linkrajajudi33.homes,LOW,15.0,0,1,FN
depogacor.dws88.net,HIGH,100.0,1,1,TP
tentenslotgaming.com,HIGH,100.0,1,1,TP
zientoto9032.com,HIGH,90.0,1,1,TP
super.dolly4dofficial.com,HIGH,100.0,1,1,TP
monet11x500petir.pages.dev,HIGH,100.0,1,1,TP
hwgslotbuka.com,HIGH,100.0,1,1,TP
akarjituvv.xyz,HIGH,100.0,1,1,TP
wiraspin88.one,HIGH,100.0,1,1,TP
play-moli.net,HIGH,100.0,1,1,TP
rtp-super89live.hair,HIGH,100.0,1,1,TP
rtppasti-dewakoin.xyz,HIGH,100.0,1,1,TP
pintu6.is,MEDIUM,50.0,1,1,TP
org.リッチ.icu,MEDIUM,27.5,1,1,TP
renom268mantap.cfd,HIGH,100.0,1,1,TP
inijnt188.net,HIGH,100.0,1,1,TP
x3g53mvg1e.slotbesarvip2.pro,HIGH,100.0,1,1,TP
satelit7.tokomajubersama.com,HIGH,54.45,1,1,TP
garudaraja.online,HIGH,97.5,1,1,TP
jgtpir5x6g.gt108vip3.com,HIGH,100.0,1,1,TP
hpwr9xto9bpp0vb5b2wd.bungaslot.dev,HIGH,87.5,1,1,TP
rtpjayatop77win.ink,HIGH,52.07,1,1,TP
judol303saj.xyz,HIGH,100.0,1,1,TP
krocobet-amplanding-1.pages.dev,HIGH,52.42,1,1,TP
dewa1000memori.com,HIGH,90.0,1,1,TP
adamtoto-61.com,HIGH,50.0,1,1,TP
bibirtotostrong.com,MEDIUM,32.5,1,1,TP
atcuan77.net,HIGH,100.0,1,1,TP
menanguno11.xyz,HIGH,100.0,1,1,TP
vakbxtirbp.linkrtpgs99.com,HIGH,100.0,1,1,TP
boskoin1000.online,HIGH,100.0,1,1,TP
java303kawan.com,MEDIUM,44.16,1,1,TP
dangdut4dking.xyz,HIGH,100.0,1,1,TP
pphoki77.bet,MEDIUM,50.0,1,1,TP
indobebas.org,HIGH,100.0,1,1,TP
presidencc02sat.sbs,HIGH,100.0,1,1,TP
tante4damp.quest,LOW,20.0,0,1,FN
coresolana4d.top,HIGH,100.0,1,1,TP
dipo4dgemez23.lat,HIGH,55.15,1,1,TP
buahhokisuper.site,HIGH,91.84,1,1,TP
mem.m9winhebat.com,HIGH,86.02,1,1,TP
ikanbetutumakansaus.com,HIGH,100.0,1,1,TP
m8jk.rumahracun.com,HIGH,93.72,1,1,TP
vodkatoto4.rtpcgacor.com,HIGH,100.0,1,1,TP
24.bisnis555.fit,HIGH,100.0,1,1,TP
kïpas99.com,HIGH,100.0,1,1,TP
mainslot88yes.com,HIGH,92.5,1,1,TP
hwokibnih.info,HIGH,100.0,1,1,TP
gurih898reborn.store,LOW,5.0,0,1,FN
dana37822.com,HIGH,85.0,1,1,TP
www.888slot83.com,MEDIUM,42.5,1,1,TP
turu99fire.ink,HIGH,100.0,1,1,TP
riangimlek.info,HIGH,87.5,1,1,TP
rtmp5f5ywl.top1toto199.com,LOW,12.5,0,1,FN
galaxy898blackpink.com,HIGH,100.0,1,1,TP
rajapools6.forum,HIGH,100.0,1,1,TP
kapaljitu.xyz,HIGH,100.0,1,1,TP
publiciptv.com,LOW,0.0,0,1,FN
www.galaxy77landak.com,HIGH,100.0,1,1,TP
rtponlinegila138.komunitasku.sbs,HIGH,100.0,1,1,TP
www.cuan128info.org,HIGH,100.0,1,1,TP
rtpsensasi55.site,HIGH,100.0,1,1,TP
log2kino.info,HIGH,100.0,1,1,TP
z4.winterfresh.ink,HIGH,100.0,1,1,TP
dewa88jaya.store,HIGH,100.0,1,1,TP
americanmaplemuseum.org,MEDIUM,50.0,1,1,TP
semua-sayang-tigan.pages.dev,HIGH,77.56,1,1,TP
login29.bantengmerah.online,HIGH,100.0,1,1,TP
1dewislot77.com,HIGH,100.0,1,1,TP
keceslotads.com,HIGH,100.0,1,1,TP
www.jualpupukkompos.com,HIGH,100.0,1,1,TP
emas55saja.space,HIGH,100.0,1,1,TP
granger88y-amp.xyz,LOW,0.0,0,1,FN
17.promokvtotowin.pro,MEDIUM,32.5,1,1,TP
edatoto553.com,HIGH,100.0,1,1,TP
4969zkk9u9.vwvip2.pro,HIGH,100.0,1,1,TP
2eg4h4ph4t7wo3tzr60i.jpmariofixx.site,HIGH,100.0,1,1,TP
akses7.mixslot-x.com,HIGH,60.01,1,1,TP
amp.knowdonia.com,MEDIUM,50.0,1,1,TP
tuansemar.quest,HIGH,100.0,1,1,TP
rtp25.livetahta.com,HIGH,100.0,1,1,TP
boyabet88spark.com,HIGH,100.0,1,1,TP
thenorthwoodscheesehaus.com,LOW,0.0,0,1,FN
165.245.144.129,LOW,0.0,0,1,FN
5869393403049359.com,HIGH,100.0,1,1,TP
waduk700merdeka.fit,HIGH,100.0,1,1,TP
arashoesportugal.com,HIGH,100.0,1,1,TP
www.sintotox1.com,MEDIUM,50.0,1,1,TP
kjx2j6yn1weboj9l9i4g.ratuselot.site,HIGH,100.0,1,1,TP
www.captainspirit.com,LOW,0.0,0,1,FN
rtp1hemat138.pages.dev,HIGH,100.0,1,1,TP
ms27.14kami4d.xyz,HIGH,100.0,1,1,TP
bigo899ok.cfd,HIGH,100.0,1,1,TP
deltabet88strike.com,HIGH,100.0,1,1,TP
www.sloto89sedang.com,HIGH,100.0,1,1,TP
www.raja77lambat.com,HIGH,100.0,1,1,TP
linkgacor168.site,MEDIUM,40.0,1,1,TP
ranjau4d11.com,HIGH,100.0,1,1,TP
l9oye55r6upw1rbsg9ii.bungaslot.dev,HIGH,87.5,1,1,TP
1329j.bet,MEDIUM,39.85,1,1,TP
02v0.domino4dfav.com,MEDIUM,50.0,1,1,TP
alt1.alamat.vip,HIGH,60.26,1,1,TP
nicewin88shark.com,HIGH,100.0,1,1,TP
oriscepat.com,HIGH,100.0,1,1,TP
kobe4dmerah.com,HIGH,100.0,1,1,TP
grt.kris8.com,HIGH,87.5,1,1,TP
abcwin386-main.cfd,HIGH,100.0,1,1,TP
h7itf500vn.briotepat.com,LOW,2.95,0,1,FN
suka86-jutawan1.site,HIGH,100.0,1,1,TP
lido88cloud.com,HIGH,100.0,1,1,TP
777w.bet,HIGH,51.7,1,1,TP
dewa777resmi.store,HIGH,100.0,1,1,TP
shop.makeitsow.com,LOW,0.0,0,1,FN
gelomen100.site,LOW,7.5,0,1,FN
toto12speed.online,LOW,0.0,0,1,FN
bharatdarshantravels.com,HIGH,100.0,1,1,TP
bidwin88war.com,HIGH,100.0,1,1,TP
ktg88akses.sbs,HIGH,100.0,1,1,TP
bilan5.tasiktotoresmi.one,LOW,0.0,0,1,FN
bglijnfe8uewqbfinofv.online,HIGH,100.0,1,1,TP
su009.sakura189.online,HIGH,100.0,1,1,TP
horastan270.store,LOW,12.6,0,1,FN
playwin77oscar.com,HIGH,53.49,1,1,TP
link8.pastikayabet99.top,HIGH,100.0,1,1,TP
ac004.anakdina88a.store,HIGH,100.0,1,1,TP
mi6vcp8y0n.asd123vip2.pro,HIGH,100.0,1,1,TP
army88gasss.space,HIGH,100.0,1,1,TP
iramabro.site,HIGH,100.0,1,1,TP
lagagame77online.org,MEDIUM,27.5,1,1,TP
2z58xpnbde.jaya4dxin.xyz,MEDIUM,48.13,1,1,TP
234togelxie.com,HIGH,100.0,1,1,TP
dewabos138win.cfd,HIGH,100.0,1,1,TP
29.bet,LOW,17.5,0,1,FN
rtpkhtyey.xyz,MEDIUM,37.5,1,1,TP
brsyq31022.dgsking.vip,MEDIUM,50.0,1,1,TP
jepe.bibit4d.ink,HIGH,100.0,1,1,TP
link4.gacoan.net,HIGH,82.5,1,1,TP
rtpbck21.prohostup.com,HIGH,100.0,1,1,TP
ng303afklkijwc.site,HIGH,100.0,1,1,TP
ponselxiaomi.lat,HIGH,95.0,1,1,TP
sulap777.com,HIGH,100.0,1,1,TP
rajaprimbon.space,HIGH,100.0,1,1,TP
1329a.bet,MEDIUM,39.97,1,1,TP
jurnal.polkesban.ac.id,LOW,0.0,0,1,FN
jpmania25.jpmania-masuk.com,HIGH,100.0,1,1,TP
casifree.fun,MEDIUM,40.0,1,1,TP
dobcbfecjyilpodnnqb5.bungaslot.dev,HIGH,87.5,1,1,TP
www.rusolidarnost.ru,MEDIUM,30.0,1,1,TP
vip2.khusus4d-xyz.monster,HIGH,100.0,1,1,TP
t0y0tav1ps0bat.top,HIGH,100.0,1,1,TP
bosjppertama.pages.dev,MEDIUM,50.0,1,1,TP
wj9cpnqgwj2pqytemxyb.ratuselot.site,HIGH,100.0,1,1,TP
71ce.bandarlotre-1.com,HIGH,51.47,1,1,TP
kj16.sanca77.net,HIGH,100.0,1,1,TP
netizen303mephisto.pages.dev,MEDIUM,50.0,1,1,TP
투아크가코르.space,HIGH,100.0,1,1,TP
rajabandotmacau.us.com,MEDIUM,37.5,1,1,TP
topan33rtpcobadah.com,HIGH,100.0,1,1,TP
iecbdijakarta.kemenperin.go.id,LOW,7.5,0,1,FN
morph365real.asia,HIGH,100.0,1,1,TP
ldk88ganas.sbs,HIGH,100.0,1,1,TP
papasenang2026.xyz,HIGH,100.0,1,1,TP
5h4d0w4r3n4.jatengtoto.app,HIGH,100.0,1,1,TP
byon88-dyon88p.com,HIGH,100.0,1,1,TP
sbelas5.jambiversace.com,HIGH,90.31,1,1,TP
icafe4d-win.quest,HIGH,87.5,1,1,TP
9umhdped574ef7y7u3xe.mixslotsuper.site,HIGH,57.96,1,1,TP
pintumenang-03.cfd,HIGH,100.0,1,1,TP
t9e62tercd.vegasvip2.pro,HIGH,88.85,1,1,TP
itlaman.site,MEDIUM,37.5,1,1,TP
m7.winterfresh.ink,HIGH,100.0,1,1,TP
o4y2zawq55.rtp-lohanslot.com,HIGH,100.0,1,1,TP
dewislota.cyou,HIGH,100.0,1,1,TP
25msislot.info,HIGH,100.0,1,1,TP
permenidx.top,HIGH,100.0,1,1,TP
dongjituslot.dynadot.click,MEDIUM,50.0,1,1,TP
wwm8md3ohtuoeaoki6ck.bungaslot.dev,HIGH,87.5,1,1,TP
m0t8.saudarapride.com,HIGH,51.92,1,1,TP
masuk.pajerototo.site,HIGH,100.0,1,1,TP
totalcasino-poland.net.pl,MEDIUM,50.0,1,1,TP
happyhjd.space,HIGH,100.0,1,1,TP
nagamodal.com,MEDIUM,50.0,1,1,TP
39d2ckelxj.top1toto199.com,LOW,12.5,0,1,FN
ejournal.stikesrshusada.ac.id,LOW,0.0,0,1,FN
modal4dcepat.com,HIGH,100.0,1,1,TP
ososlotv1p.site,HIGH,100.0,1,1,TP
vslot88.org,LOW,0.0,0,1,FN
telorbalado.site,LOW,0.0,0,1,FN
dewa1000-terlintas.com,HIGH,85.0,1,1,TP
cermin303ear.com,HIGH,100.0,1,1,TP
rtpgopek178-v3.pages.dev,HIGH,100.0,1,1,TP
mpo8899fans.com,HIGH,100.0,1,1,TP
ponislothub.rest,HIGH,100.0,1,1,TP
ler.datukwin.org,HIGH,67.36,1,1,TP
mxpjt12040.slotid88bagus.com,HIGH,52.13,1,1,TP
pgdewa-alternatif.com,LOW,0.0,0,1,FN
suksesjitu-rtp.xyz,HIGH,100.0,1,1,TP
indovipdaftar-amppage.site,HIGH,97.35,1,1,TP
77lvcp.seni108maxwin.com,HIGH,100.0,1,1,TP
alexisgg-qris.com,HIGH,100.0,1,1,TP
allinsurgaslot777.website,HIGH,100.0,1,1,TP
parisslot5.bdqp800.com,HIGH,62.5,1,1,TP
beruangplayingads.art,HIGH,56.75,1,1,TP
pgzub7wwhebqn0lpfqdq.ratuselot.site,HIGH,100.0,1,1,TP
healingarkhomehealth.pages.dev,MEDIUM,50.0,1,1,TP
viamotutti.com,HIGH,62.74,1,1,TP
www.rtpfpbaru.com,HIGH,100.0,1,1,TP
www.totonesia5.icu,MEDIUM,50.0,1,1,TP
rjtweb2.casa,HIGH,92.5,1,1,TP
www.pragmatic77bed.com,HIGH,100.0,1,1,TP
gen4dpup.com,HIGH,100.0,1,1,TP
koibet4dfbads1.com,HIGH,100.0,1,1,TP
k9lffrmei9.botuna55c.click,LOW,7.5,0,1,FN
mixslotsiap.com,HIGH,57.96,1,1,TP
cbrvip37.site,LOW,8.06,0,1,FN
5ov4prpzh2.prada55c.one,HIGH,100.0,1,1,TP
game005.texas189a.site,HIGH,100.0,1,1,TP
naga99link4.shop,HIGH,100.0,1,1,TP
amo88midasjackpot.net,HIGH,100.0,1,1,TP
gg301.bet,MEDIUM,44.27,1,1,TP
bel4dbantul.com,HIGH,87.5,1,1,TP
p5li8btse5.vegasvip2.pro,HIGH,85.34,1,1,TP
tokoku.shop,HIGH,100.0,1,1,TP
1.pola777official.online,HIGH,100.0,1,1,TP
dragon69jump25.com,HIGH,59.95,1,1,TP
indoluxuryonline.site,MEDIUM,50.0,1,1,TP
ras-capt007error.club,HIGH,100.0,1,1,TP
pragmatic11a.store,HIGH,100.0,1,1,TP
bahanbaru.live,MEDIUM,50.0,1,1,TP
link13.koko88.website,HIGH,100.0,1,1,TP
c4c1jlkb5xtni69lfbjm.araitoto-x.com,HIGH,50.0,1,1,TP
pphoki-888.top,MEDIUM,50.0,1,1,TP
suksests.top,MEDIUM,34.44,1,1,TP
ant.jjclarks.club,HIGH,100.0,1,1,TP
0begh6o1sz.top1toto199.com,LOW,12.5,0,1,FN
mediatuak.shop,HIGH,100.0,1,1,TP
www.babautomation.com,MEDIUM,50.0,1,1,TP
yakin-menang.site,HIGH,100.0,1,1,TP
81.spin707.cam,HIGH,100.0,1,1,TP
top805go.fit,HIGH,100.0,1,1,TP
ligabndr3.com,MEDIUM,38.06,1,1,TP
mambawingame.store,HIGH,100.0,1,1,TP
laskarvip-puncak.cc,HIGH,100.0,1,1,TP
w1h8s4xp9idflqdlq7wx.bungaslot.dev,HIGH,87.5,1,1,TP
jawaponsel.lat,HIGH,95.0,1,1,TP
rtp03.lingkaran78.live,LOW,0.0,0,1,FN
sr9h7cldau.vwvip2.pro,HIGH,100.0,1,1,TP
bolasenjapusat.com,HIGH,100.0,1,1,TP
server15.jagoan88daftar.cfd,HIGH,100.0,1,1,TP
resmi1.musang288gucci.com,HIGH,100.0,1,1,TP
sl4ecn5adcfiiunrlb30.bungaslot.dev,HIGH,87.5,1,1,TP
myukirslt.com,HIGH,53.44,1,1,TP
garuda62laut.com,HIGH,100.0,1,1,TP
spin889hs.com,HIGH,100.0,1,1,TP
rupiahtotoindonesia.com,HIGH,60.9,1,1,TP
bandotslotjiwa.com,HIGH,82.5,1,1,TP
hanslot88.estate,HIGH,100.0,1,1,TP
103ibisawin.com,HIGH,100.0,1,1,TP
hokipetik1.store,HIGH,100.0,1,1,TP
kasih4d145.site,HIGH,100.0,1,1,TP
angker4d-lesehan.xyz,HIGH,100.0,1,1,TP
g1zhiz9rto.nw4-koi388.com,HIGH,100.0,1,1,TP
cang.dapatjackpot.site,HIGH,100.0,1,1,TP
h3npxmept06yaot0xe5g.bungaslot.dev,HIGH,87.5,1,1,TP
t9.winterfresh.ink,HIGH,100.0,1,1,TP
bakmibet.monster,HIGH,100.0,1,1,TP
masuk.prediksip7.pro,HIGH,100.0,1,1,TP
agam66bos.com,HIGH,100.0,1,1,TP
app.mawar189c.store,HIGH,50.0,1,1,TP
tgel88max.org,HIGH,100.0,1,1,TP
se7athena.com,HIGH,100.0,1,1,TP
longdellinn.com,LOW,12.5,0,1,FN
congor4dgo.com,HIGH,100.0,1,1,TP
www.rejekigames007.xyz,MEDIUM,50.0,1,1,TP
idn789.bet,HIGH,62.5,1,1,TP
uqfwzmay86.alamperkasa.sbs,HIGH,100.0,1,1,TP
cair50.yachts,HIGH,87.5,1,1,TP
rajaking.pro,LOW,0.0,0,1,FN
bandarliga-bd12.site,HIGH,76.79,1,1,TP
ritukirasoi.com,HIGH,100.0,1,1,TP
saber99.online,HIGH,73.67,1,1,TP
maintst4d76.sbs,HIGH,100.0,1,1,TP
ojho4fgwhl.nasa-toto.com,HIGH,95.0,1,1,TP
0mnt0khno0jkflsgrnoz.bungaslot.dev,HIGH,87.5,1,1,TP
home-linkgedekbet.com,HIGH,92.5,1,1,TP
tugu88vip.icu,HIGH,100.0,1,1,TP
pf514myiep.n69gacor.lol,HIGH,100.0,1,1,TP
n2zqkj6zo42lh2qvlpkh.ratuselot.site,HIGH,100.0,1,1,TP
mantap.rtp-barudak78win.com,HIGH,100.0,1,1,TP
bo7frbuuux.pascolcool.com,MEDIUM,47.9,1,1,TP
macauslotlog4.shop,HIGH,100.0,1,1,TP
medbued2nm32ps8umhrd.bungaslot.dev,HIGH,87.5,1,1,TP
bot1425cn.my,LOW,0.0,0,1,FN
abangempire15.xyz,HIGH,100.0,1,1,TP
menangjanda4d.xyz,HIGH,100.0,1,1,TP
os3k.domino4dfav.com,MEDIUM,50.0,1,1,TP
tiketpakhoki.org,HIGH,90.93,1,1,TP
mpotower19.xyz,HIGH,100.0,1,1,TP
olg777galaxy.com,HIGH,95.0,1,1,TP
ptligagacor.com,HIGH,100.0,1,1,TP
gacor.airgunungmyoboku.com,HIGH,79.95,1,1,TP
3not6izx4o.botuna55c.click,HIGH,100.0,1,1,TP
www.masaangkanet4d.net,MEDIUM,50.0,1,1,TP
23.habawin.gg,HIGH,100.0,1,1,TP
fyp805g.online,HIGH,100.0,1,1,TP
lambe303-b6z.pages.dev,LOW,5.0,0,1,FN
b6.winterfresh.ink,HIGH,100.0,1,1,TP
p138burnley.xyz,HIGH,87.5,1,1,TP
heuhw8ngqa.vwvip2.pro,HIGH,100.0,1,1,TP
zgk9ypdp2l.lohan-slot.com,HIGH,87.5,1,1,TP
z05o.bantenhero.cloud,HIGH,82.5,1,1,TP
tunasjitu.org,HIGH,92.5,1,1,TP
qqwin4donterus.top,MEDIUM,30.0,1,1,TP
gacor4.impiantoto35.com,HIGH,67.93,1,1,TP
puncak303-rtp2.pages.dev,MEDIUM,50.0,1,1,TP
wakanda33casino.com,HIGH,100.0,1,1,TP
dian4d6.cyou,HIGH,100.0,1,1,TP
populer4df490.pro,HIGH,100.0,1,1,TP
mengy29165.vegasgg1.com,HIGH,55.41,1,1,TP
www.holywin88masuk.com,HIGH,100.0,1,1,TP
ronaldoslotclan.com,HIGH,100.0,1,1,TP
hydrauv5iy3.magetoto.one,HIGH,100.0,1,1,TP
sebelasabadi.com,HIGH,67.5,1,1,TP
rajaprimbon.work,HIGH,100.0,1,1,TP
sekaitotopredator.site,HIGH,60.0,1,1,TP
bos138pkr.top,HIGH,100.0,1,1,TP
sbelas7.brojp-stayfun.com,HIGH,100.0,1,1,TP
kribo88super.com,HIGH,74.13,1,1,TP
amd303idol.com,HIGH,100.0,1,1,TP
freetron.in,LOW,0.0,0,1,FN
alt6.gardatotoo.com,LOW,0.0,0,1,FN
x9k25wf4uf.sultan33i.lat,HIGH,100.0,1,1,TP
gampangmenang17.vip,HIGH,82.5,1,1,TP
jto.co.id,LOW,0.0,0,1,FN
ninja-r10.rtpni1.com,HIGH,100.0,1,1,TP
amp.futurefurniture.shop,HIGH,100.0,1,1,TP
linepenyujitu.com,HIGH,100.0,1,1,TP
playplayfun.com,LOW,0.0,0,1,FN
kamarponsel.lat,HIGH,95.0,1,1,TP
team365sbo.xyz,HIGH,100.0,1,1,TP
nusajudi-gokil.store,HIGH,100.0,1,1,TP
aplikasi-gopay178.xyz,HIGH,100.0,1,1,TP
qq365-b1.online,HIGH,100.0,1,1,TP
dolly4dbonus.com,HIGH,100.0,1,1,TP
tarikmanis.com,HIGH,100.0,1,1,TP
qzgon09wvadov4082010.sakutoto990.com,HIGH,100.0,1,1,TP
ajo999-join.site,HIGH,100.0,1,1,TP
toyota99f.xyz,MEDIUM,50.0,1,1,TP
citibet88b.pro,HIGH,100.0,1,1,TP
hbojp33.info,HIGH,97.5,1,1,TP
angkasajp2.com,HIGH,100.0,1,1,TP
lbgea43505.portalskor.pro,HIGH,52.49,1,1,TP
byxtraslot.xyz,HIGH,100.0,1,1,TP
bazartotoapk2.com,LOW,12.27,0,1,FN
mo002.mafiabola77a.online,HIGH,100.0,1,1,TP
orisasik.com,HIGH,100.0,1,1,TP
idr108jepe.com,HIGH,100.0,1,1,TP
win79cihuy.online,HIGH,100.0,1,1,TP
kampungbola99.bid,MEDIUM,41.8,1,1,TP
88ykg0.oyamurayama.com,HIGH,67.5,1,1,TP
level.badutcore.xyz,HIGH,100.0,1,1,TP
mantap89zone.shop,HIGH,100.0,1,1,TP
max.rtpcamarjp.shop,HIGH,100.0,1,1,TP
oa1lmuqhg1.betavip2.pro,HIGH,100.0,1,1,TP
vso777pro.com,HIGH,100.0,1,1,TP
mampiremas.com,MEDIUM,32.5,1,1,TP
dragon69kez.com,HIGH,100.0,1,1,TP
nesiabetterbaik.site,LOW,5.0,0,1,FN
aromatotonut.com,HIGH,100.0,1,1,TP
paketobengbet.com,MEDIUM,50.0,1,1,TP
j40ozc8q0y.nusantaravip2.pro,HIGH,82.5,1,1,TP
pilartotoindo.store,MEDIUM,50.0,1,1,TP
doktertoto2alter.com,LOW,25.0,0,1,FN
noltujuh0226.baut777.one,LOW,0.0,0,1,FN
ratuluis.com,HIGH,100.0,1,1,TP
konohatoto78puspa.com,HIGH,95.7,1,1,TP
codharum.com,HIGH,100.0,1,1,TP
www.k9ark.xyz,HIGH,100.0,1,1,TP
misteruntung88obsidian.xyz,HIGH,100.0,1,1,TP
loginljo777.online,HIGH,100.0,1,1,TP
link10.pokeramd.online,MEDIUM,50.0,1,1,TP
jodohplay.pro,HIGH,100.0,1,1,TP
kenzototoindonesia.site,HIGH,100.0,1,1,TP
qris711sadd.com,HIGH,55.01,1,1,TP
alt5.andara77mantap.com,HIGH,100.0,1,1,TP
tgl02.com,HIGH,86.74,1,1,TP
paham4dsuper.com,HIGH,87.5,1,1,TP
areabentuk4d.art,HIGH,97.5,1,1,TP
ampbeluga99.space,HIGH,61.68,1,1,TP
afw.j99slot10.space,LOW,12.5,0,1,FN
rajaboslogin.com,LOW,15.15,0,1,FN
etnda852je.jaya4dxin.xyz,HIGH,90.0,1,1,TP
lwoihzcpl9knrhcgo1wv.cie4dhome.com,HIGH,100.0,1,1,TP
ggmenang8.lat,HIGH,100.0,1,1,TP
neraka888m30.xyz,HIGH,100.0,1,1,TP
fun.apibetrtp.com,HIGH,100.0,1,1,TP
rtpslotdingdong215.com,HIGH,100.0,1,1,TP
kita-groupvn.com,MEDIUM,50.0,1,1,TP
z01ga9uey6u2bisa682l.bungaslot.dev,HIGH,87.5,1,1,TP
win88bluee.site,HIGH,100.0,1,1,TP
mawarmain.com,MEDIUM,25.03,1,1,TP
ml004.putrawin78c.site,HIGH,100.0,1,1,TP
wong87-hk.site,HIGH,65.31,1,1,TP
deltaslot88untung.xyz,HIGH,100.0,1,1,TP
capcuslagi.work,HIGH,100.0,1,1,TP
rtpnaskah.pages.dev,HIGH,100.0,1,1,TP
okgas21class.com,HIGH,100.0,1,1,TP
marikayabersama.com,HIGH,82.5,1,1,TP
kosmikhero.info,HIGH,100.0,1,1,TP
lvonlinelagi.life,MEDIUM,50.0,1,1,TP
tahuplayjp.website,HIGH,100.0,1,1,TP
ternakwinlogin.com,MEDIUM,50.0,1,1,TP
dolasakti.info,HIGH,100.0,1,1,TP
rtpunsurgokil.xyz,HIGH,100.0,1,1,TP
regis-4.pola777resmi.ink,HIGH,100.0,1,1,TP
rtpsuperpas77.quest,HIGH,100.0,1,1,TP
surgaggsakti.com,HIGH,100.0,1,1,TP
lamoureph.org,MEDIUM,50.0,1,1,TP
timnasyupi.com,HIGH,100.0,1,1,TP
lunaplay-macau.com,HIGH,100.0,1,1,TP
login2.rejekijp99.com,HIGH,100.0,1,1,TP
x2fughijfs.bosbca.cfd,HIGH,98.86,1,1,TP
honggemoy.com,HIGH,71.76,1,1,TP
csbt4n9ulimxzcoc2ogy.myjpcash.com,MEDIUM,50.0,1,1,TP
nusantara4daussie.cfd,HIGH,82.5,1,1,TP
kaskusfun.com,MEDIUM,48.2,1,1,TP
gfzr.domino4dfav.com,MEDIUM,50.0,1,1,TP
bos138pg.ink,HIGH,100.0,1,1,TP
8smaf3y8mr.gt108vip3.com,HIGH,100.0,1,1,TP
boxprasastigaming.site,HIGH,100.0,1,1,TP
ayg.rtp-iblbet20.lol,HIGH,100.0,1,1,TP
pschxhnejf.pai-togel.com,HIGH,95.0,1,1,TP
paytogel1126.com,HIGH,57.19,1,1,TP
afktotowine.com,HIGH,95.0,1,1,TP
50wmmfhkkvjlqznna8bf.ratuselot.site,HIGH,100.0,1,1,TP
pusatcnn303.com,HIGH,100.0,1,1,TP
spv88jp.com,HIGH,100.0,1,1,TP
nketu9a9tg.dota88e.life,HIGH,100.0,1,1,TP
amp11.tesladestroy.com,HIGH,81.38,1,1,TP
visi4dpgr.click,HIGH,97.5,1,1,TP
sriwijaya1.com,HIGH,75.0,1,1,TP
pasukanprofit.com,HIGH,100.0,1,1,TP
rtp10.rtpgaruda62.com,HIGH,100.0,1,1,TP
suksestribun62.pics,HIGH,100.0,1,1,TP
sn008.sinar79a.store,HIGH,100.0,1,1,TP
facaitotomax.info,HIGH,100.0,1,1,TP
u3pw4dg6fx.rudaltotoking.com,HIGH,100.0,1,1,TP
jagoanspind.xyz,HIGH,100.0,1,1,TP
un4ycc8u.piringtoto.dev,HIGH,74.08,1,1,TP
n3134knhcq9a6spt8yxr.bungaslot.dev,HIGH,87.5,1,1,TP
civ.iptpo.hr,LOW,0.0,0,1,FN
taipan3388-1.rtptaipan3388.click,HIGH,100.0,1,1,TP
noldua0226h.olxtoto.dev,HIGH,59.89,1,1,TP
link9.j0kerscmalt61.com,HIGH,87.5,1,1,TP
sobet88gcr.top,HIGH,100.0,1,1,TP
sawihijausegar.store,HIGH,100.0,1,1,TP
ducati777en.com,HIGH,100.0,1,1,TP
horas.segadong.info,HIGH,100.0,1,1,TP
huathitoho.com,HIGH,100.0,1,1,TP
gacorslodjkt.com,HIGH,100.0,1,1,TP
aphrodite58f1r.sekali.bet,HIGH,100.0,1,1,TP
parimatch.4ua.com.ua,LOW,15.0,0,1,FN
ponkichi01.com,LOW,5.0,0,1,FN
138buayartp.sbs,HIGH,100.0,1,1,TP
q9ebrl.sumselampera.online,HIGH,100.0,1,1,TP
geng82920.com,MEDIUM,35.62,1,1,TP
macanslot138al.store,HIGH,100.0,1,1,TP
luckygopay69.com,HIGH,100.0,1,1,TP
zeus88titan.live,HIGH,100.0,1,1,TP
rtprupiah138won.xyz,HIGH,92.5,1,1,TP
skandaljule.online,HIGH,100.0,1,1,TP
migo88situs.site,LOW,0.0,0,1,FN
m1lcaau2g0.vwvip2.pro,HIGH,100.0,1,1,TP
m0.winterfresh.ink,HIGH,100.0,1,1,TP
best2026.ori33.space,HIGH,100.0,1,1,TP
11kaisarslot88.com,HIGH,100.0,1,1,TP
imlekeyang.ink,HIGH,100.0,1,1,TP
winwin838rtp-7.shop,LOW,15.0,0,1,FN
asxjasiakd.menujuoli4d.com,HIGH,100.0,1,1,TP
dompetberkilau.site,LOW,16.86,0,1,FN
wa88asli.sbs,HIGH,100.0,1,1,TP
coinbetasia.org,MEDIUM,50.0,1,1,TP
deltabet88xyz.com,HIGH,100.0,1,1,TP
swithstephola.click,HIGH,87.5,1,1,TP
mlb789cash.site,HIGH,56.32,1,1,TP
link205.bociltotocs.site,HIGH,82.5,1,1,TP
mb-alt2.online,MEDIUM,50.0,1,1,TP
v1.surya-88.com,LOW,0.0,0,1,FN
lippototo-5302.xyz,MEDIUM,28.43,1,1,TP
kilat1000gate.com,HIGH,100.0,1,1,TP
hanya-sekali.pages.dev,MEDIUM,50.0,1,1,TP
tiga6.tegalmedusa.pro,HIGH,97.85,1,1,TP
blbgaming25.com,HIGH,100.0,1,1,TP
ratupoker88view.ink,MEDIUM,50.0,1,1,TP
teamwish1.space,MEDIUM,26.29,1,1,TP
lemacausoft.xyz,HIGH,100.0,1,1,TP
badaktotoseven.com,MEDIUM,50.0,1,1,TP
superliga8000.com,MEDIUM,50.0,1,1,TP
d9.winterfresh.ink,HIGH,100.0,1,1,TP
erosdym8xe.sekali.bet,HIGH,100.0,1,1,TP
8fm8qfgx6b.dota88e.life,HIGH,100.0,1,1,TP
www.naganotonic-health.com,MEDIUM,50.0,1,1,TP
damaisosial.bond,HIGH,77.5,1,1,TP
chexx.cc,HIGH,82.82,1,1,TP
idcoin188web.xyz,HIGH,100.0,1,1,TP
puspamiaw.site,HIGH,95.0,1,1,TP
grand88neo.com,HIGH,100.0,1,1,TP
pgs1000.store,HIGH,100.0,1,1,TP
satuberlimpah.linkrupiah.bet,HIGH,100.0,1,1,TP
kitadigisl0t6.lat,HIGH,100.0,1,1,TP
19k848ujxu.top1toto199.com,LOW,14.3,0,1,FN
rtpguacor-ulti188.lapanpohon.com,HIGH,100.0,1,1,TP
p2wkg9wupf.nusantaravip2.pro,HIGH,82.5,1,1,TP
customer-service-tayang4d.pages.dev,MEDIUM,50.0,1,1,TP
skrikkoke25.ink,HIGH,100.0,1,1,TP
ahliqq28.org,MEDIUM,48.26,1,1,TP
www.mensairmaxnike.com,MEDIUM,50.0,1,1,TP
herman.winterfuns.shop,HIGH,100.0,1,1,TP
benuatoto1alter.site,MEDIUM,47.5,1,1,TP
rtpmw68.site,HIGH,100.0,1,1,TP
bankert0to2k26.com,LOW,0.0,0,1,FN
osg888cx.top,HIGH,100.0,1,1,TP
bfrpo8r05r.slotmantapviral.com,HIGH,100.0,1,1,TP
blog.sakee303.ink,HIGH,100.0,1,1,TP
makansosis.mom,HIGH,100.0,1,1,TP
taysentoto.pages.dev,MEDIUM,50.0,1,1,TP
5p5tmppgcf.dino99e.one,HIGH,100.0,1,1,TP
euakyl7u5jxdlxyyiffs.ibox4docean.net,HIGH,100.0,1,1,TP
gbk15.jepe.click,HIGH,100.0,1,1,TP
monk4d-sakti.sbs,HIGH,100.0,1,1,TP
ptliagnew.com,HIGH,100.0,1,1,TP
tekanslotmantap.shop,HIGH,100.0,1,1,TP
nbslu47857.dewaterbang1m.org,MEDIUM,50.0,1,1,TP
hohu3spztx.rtp-rans4d.com,HIGH,100.0,1,1,TP
cafe4df.space,HIGH,100.0,1,1,TP
mainslotid.online,HIGH,52.05,1,1,TP
tanganjudi17.store,HIGH,100.0,1,1,TP
www.qahana.am,LOW,0.0,0,1,FN
arwana500kami.site,HIGH,100.0,1,1,TP
tongkatnaga88.store,HIGH,100.0,1,1,TP
belegendbet-amp7.pages.dev,HIGH,82.5,1,1,TP
olenation888web.com,HIGH,100.0,1,1,TP
omudracula.com,LOW,15.0,0,1,FN
win1131.doctor,HIGH,61.93,1,1,TP
1mumunbet.com,HIGH,100.0,1,1,TP
bodycreatine.site,HIGH,98.17,1,1,TP
1em7.benderahoki.site,HIGH,100.0,1,1,TP
wwtoto2aalternatif.online,LOW,5.0,0,1,FN
lincahbgd.com,HIGH,100.0,1,1,TP
slotaladinmedan.com,HIGH,100.0,1,1,TP
beranibro.icu,LOW,15.0,0,1,FN
gwin4dlink.pages.dev,MEDIUM,50.0,1,1,TP
p1j079fpco2yggpoyetk.ibox4docean.net,HIGH,100.0,1,1,TP
ososlotnew.com,HIGH,100.0,1,1,TP
spesial4dtrue.site,HIGH,100.0,1,1,TP
tujuh19.kediritotovip.pro,HIGH,67.5,1,1,TP
4xwugabaf53ngnzh1503.vodkatotofix.online,HIGH,69.71,1,1,TP
wiq8mjd3mt.cariepictoto.pro,HIGH,100.0,1,1,TP
0kq6jmqnum.kaskuskita.com,MEDIUM,42.5,1,1,TP
rtpobltogel.biz,HIGH,100.0,1,1,TP
armada777vip16.shop,HIGH,100.0,1,1,TP
umatoshika-event.com,HIGH,100.0,1,1,TP
rtplancartoto5.site,LOW,15.0,0,1,FN
gacor69ada.blog,HIGH,52.21,1,1,TP
satuhari.linkrupiah.bet,HIGH,100.0,1,1,TP
jinx-pro.live,HIGH,100.0,1,1,TP
serujuga.dosentoto.space,HIGH,100.0,1,1,TP
copa99prly.lol,HIGH,100.0,1,1,TP
www.otaku88one.com,HIGH,100.0,1,1,TP
primajaya2.ink,LOW,0.0,0,1,FN
1hzcilgobt.top1toto199.com,LOW,14.31,0,1,FN
bdgacor88one.com,HIGH,100.0,1,1,TP
dutampogemoy.xyz,HIGH,100.0,1,1,TP
akzcwih2lo.gt108vip3.com,HIGH,100.0,1,1,TP
amp.ojolterbaikasia.art,HIGH,91.83,1,1,TP
campion33.org,HIGH,80.91,1,1,TP
cuanego777.com,HIGH,100.0,1,1,TP
blog.cutesycup.com,LOW,0.0,0,1,FN
3r6-9rtp.site,HIGH,73.8,1,1,TP
1329jj.bet,LOW,5.0,0,1,FN
vrtekno88.store,HIGH,100.0,1,1,TP
rindugacor.io,MEDIUM,50.0,1,1,TP
jetsadabet.bet,LOW,5.0,0,1,FN
crashgames.bet,MEDIUM,50.0,1,1,TP
plsbt88.site,HIGH,100.0,1,1,TP
slotbangjago88u.com,MEDIUM,50.0,1,1,TP
slot988tiger.xyz,HIGH,100.0,1,1,TP
9ghopa7gubn44eqafczh.ratuselot.site,HIGH,100.0,1,1,TP
wen4draya.com,HIGH,82.5,1,1,TP
aerobintaro.site,HIGH,100.0,1,1,TP
kasinociobet88.site,HIGH,100.0,1,1,TP
gth.bet,LOW,0.0,0,1,FN
dubaislotcc.sbs,HIGH,97.5,1,1,TP
s65new.com,MEDIUM,50.0,1,1,TP
ii-ai.02jamuslot.com,MEDIUM,39.79,1,1,TP
surya100club.site,LOW,7.5,0,1,FN
kilat78-48.site,MEDIUM,50.0,1,1,TP
jamtotopusat.com,HIGH,100.0,1,1,TP
amphalojp.quest,HIGH,100.0,1,1,TP
box138gang.xyz,HIGH,97.5,1,1,TP
ezhh1yd8vl.kapital4dcuan.com,HIGH,100.0,1,1,TP
ketuasusislot.com,HIGH,100.0,1,1,TP
opaslotvip.com,HIGH,100.0,1,1,TP
arwana500site.com,HIGH,100.0,1,1,TP
1mlvllyoaw.markas338dikawal.com,HIGH,56.7,1,1,TP
4.pesjitu.com,MEDIUM,50.0,1,1,TP
81nrpwrv3z.top1toto199.com,LOW,12.5,0,1,FN
ampfeastcateringabout.pages.dev,MEDIUM,45.0,1,1,TP
uwac3t1jgb.top1toto199.com,LOW,14.31,0,1,FN
apk-ppzeus.panentogel.fit,MEDIUM,50.0,1,1,TP
6.royal707.me,LOW,20.0,0,1,FN
ccjj2.xyz,LOW,7.5,0,1,FN
ruangmktoto.cfd,HIGH,100.0,1,1,TP
kasih.daftaristana.vip,HIGH,75.0,1,1,TP
zonaverse.online,LOW,7.5,0,1,FN
dollar4dit.com,HIGH,100.0,1,1,TP
d7rjs3p0c3.dota88e.life,HIGH,100.0,1,1,TP
rtp2.rtp-balon99.com,HIGH,100.0,1,1,TP
merabsp.com,HIGH,100.0,1,1,TP
telkom4dplay.com,HIGH,100.0,1,1,TP
zonagacor13d.com,MEDIUM,45.0,1,1,TP
kudetabet98actionsjackpot.net,HIGH,100.0,1,1,TP
nama138gerd.lat,HIGH,100.0,1,1,TP
kzmejybuke.nusantaravip2.pro,HIGH,82.5,1,1,TP
zcwxrnw2lp.trik-pai.xyz,HIGH,100.0,1,1,TP
www.greencare.com.sg,MEDIUM,50.0,1,1,TP
togaplaychallenge.com,HIGH,100.0,1,1,TP
ayamjpyeah.com,HIGH,100.0,1,1,TP
888togelc34.com,LOW,7.5,0,1,FN
esadomm.com,MEDIUM,45.0,1,1,TP
pencethoki.boutique,HIGH,100.0,1,1,TP
rumahbt08.com,MEDIUM,30.54,1,1,TP
pecinta4dsbo.xyz,LOW,7.34,0,1,FN
winning568bos.xyz,HIGH,100.0,1,1,TP
www.redfincasforsale.com,MEDIUM,50.0,1,1,TP
bwo99-destinasijanuary.space,HIGH,100.0,1,1,TP
rtpcun-gb88.sbs,HIGH,100.0,1,1,TP
234togelact.com,HIGH,100.0,1,1,TP
gengpg.com,MEDIUM,50.0,1,1,TP
x8.morfintotopride.online,LOW,0.0,0,1,FN
cair.kakektotomainkan.xyz,HIGH,85.0,1,1,TP
www.aslisolid.my,HIGH,100.0,1,1,TP
bolaslotlink.net,LOW,0.0,0,1,FN
www.gemilangst.com,HIGH,100.0,1,1,TP
uma-furusato.com,LOW,11.0,0,1,FN
rajabandot8888.com,HIGH,52.15,1,1,TP
amp789-linkmedan.site,MEDIUM,27.5,1,1,TP
clbkjaya.cv,HIGH,100.0,1,1,TP
masukelevens.com,HIGH,100.0,1,1,TP
fufuslot2025.bar,HIGH,97.61,1,1,TP
arwana500main.store,HIGH,100.0,1,1,TP
los303wd.xyz,HIGH,100.0,1,1,TP
topfunpark.site,HIGH,100.0,1,1,TP
jnofecwayr.pai-togel.com,HIGH,95.0,1,1,TP
cozebetresmi.com,HIGH,87.5,1,1,TP
pj8.rtppasangjitu2024.com,HIGH,100.0,1,1,TP
frmxr26879.303viptoto.net,HIGH,61.93,1,1,TP
ojs.unsiq.ac.id,LOW,0.0,0,1,FN
bosku777smart.com,HIGH,100.0,1,1,TP
ligahokie22bk.com,MEDIUM,47.83,1,1,TP
hoki378s.net,MEDIUM,50.0,1,1,TP
aksitepat.com,MEDIUM,50.0,1,1,TP
gabantoto.store,HIGH,100.0,1,1,TP
tyjlpn9ree.hokivipjuara.art,HIGH,100.0,1,1,TP
dubaislotbc.xyz,HIGH,97.5,1,1,TP
holywin99usd.site,HIGH,100.0,1,1,TP
fufu4dpejuangdunia.xyz,HIGH,100.0,1,1,TP
nblygvqnmkelrqe6zzmx.bungaslot.dev,HIGH,87.5,1,1,TP
1ep4697log.top1toto199.com,LOW,12.5,0,1,FN
389sportsputih.com,HIGH,51.69,1,1,TP
13emakbet.site,HIGH,100.0,1,1,TP
raffi888-rtpku.pucukdingin.org,HIGH,100.0,1,1,TP
indoseven-onl.com,HIGH,100.0,1,1,TP
r2f15gd12h.s5dg291s7.com,HIGH,100.0,1,1,TP
luna34037.com,HIGH,83.87,1,1,TP
putribling.store,HIGH,57.48,1,1,TP
isekai.timesto4d.xyz,HIGH,53.18,1,1,TP
bangjokobn.com,HIGH,92.5,1,1,TP
tumisbuncis.shop,HIGH,100.0,1,1,TP
nagaslot191125.com,HIGH,87.5,1,1,TP
gta777silver.online,HIGH,58.42,1,1,TP
fat88yeah.site,HIGH,100.0,1,1,TP
www.galaxy77hujan.com,HIGH,100.0,1,1,TP
tuankuda8.xyz,HIGH,100.0,1,1,TP
91dewaaman.com,HIGH,100.0,1,1,TP
nexia789.la,HIGH,100.0,1,1,TP
kcv8kr6l.pasir4d.dev,HIGH,100.0,1,1,TP
www.ecocitycleveland.org,MEDIUM,50.0,1,1,TP
s2n6tcby7l.sultan33i.lat,HIGH,100.0,1,1,TP
fudvw7d1ux.briotepat.com,LOW,5.67,0,1,FN
kue68cuy.site,HIGH,100.0,1,1,TP
3uqej3qujg.top1toto199.com,LOW,12.5,0,1,FN
lektotoge.com,HIGH,77.5,1,1,TP
eyangnewyears.sbs,HIGH,100.0,1,1,TP
audy88l.xyz,HIGH,100.0,1,1,TP
toto12speed.site,LOW,0.0,0,1,FN
www.kopatheme.net,MEDIUM,50.0,1,1,TP
metamopower.com,HIGH,82.5,1,1,TP
dian4d6.skin,HIGH,100.0,1,1,TP
ketuasusislot.space,HIGH,100.0,1,1,TP
fortuneslot88shark.com,HIGH,100.0,1,1,TP
agung1.agung-1.space,HIGH,100.0,1,1,TP
ampomislothk.com,LOW,20.0,0,1,FN
www.tsrzxh.com,MEDIUM,27.65,1,1,TP
mutiara.restutogel.bet,MEDIUM,50.0,1,1,TP
mpo0404satu.xyz,HIGH,100.0,1,1,TP
jokijpidn.ink,HIGH,100.0,1,1,TP
daget4donterus.space,MEDIUM,40.15,1,1,TP
satuberlimpah.semarhokisaya.com,HIGH,100.0,1,1,TP
kejutanroyal.com,HIGH,100.0,1,1,TP
baywin88a.com,HIGH,100.0,1,1,TP
alt5.andara99gacor.com,HIGH,100.0,1,1,TP
gopayslot77.site,HIGH,100.0,1,1,TP
racelist.kyotei24.jp,LOW,0.0,0,1,FN
poki.com,LOW,12.5,0,0,TN
crazygames.com,LOW,15.0,0,0,TN
miniclip.com,LOW,5.52,0,0,TN
y8.com,LOW,0.0,0,0,TN
agame.com,LOW,22.5,0,0,TN
kongregate.com,LOW,16.98,0,0,TN
armorgames.com,-,-,0,0,TN
addictinggames.com,LOW,0.0,0,0,TN
coolmathgames.com,LOW,0.0,0,0,TN
friv.com,LOW,0.0,0,0,TN
kizi.com,LOW,9.61,0,0,TN
gamesgames.com,LOW,16.14,0,0,TN
silvergames.com,LOW,0.0,0,0,TN
newgrounds.com,-,-,0,0,TN
itch.io,LOW,7.5,0,0,TN
pogo.com,-,-,0,0,TN
bgames.com,LOW,7.5,0,0,TN
lagged.com,MEDIUM,31.34,1,0,FP
gamepix.com,LOW,0.0,0,0,TN
twoplayergames.org,LOW,0.0,0,0,TN
1001games.com,LOW,9.97,0,0,TN
spele.nl,LOW,21.86,0,0,TN
juegos.com,-,-,0,0,TN
spielaffe.de,LOW,0.0,0,0,TN
jetztspielen.de,MEDIUM,37.46,1,0,FP
jeux.fr,MEDIUM,27.23,1,0,FP
jogos360.com.br,MEDIUM,34.28,1,0,FP
plays.org,-,-,0,0,TN
gameflare.com,LOW,5.0,0,0,TN
primarygames.com,-,-,0,0,TN
abcya.com,LOW,2.87,0,0,TN
funbrain.com,LOW,0.0,0,0,TN
mathplayground.com,-,-,0,0,TN
hoodamath.com,LOW,0.0,0,0,TN
html5games.com,LOW,0.0,0,0,TN
onlinegames.io,LOW,0.0,0,0,TN
gogy.com,LOW,15.0,0,0,TN
kbhgames.com,LOW,0.0,0,0,TN
gamemonetize.com,LOW,12.5,0,0,TN
yiv.com,LOW,2.55,0,0,TN
girlsgogames.com,LOW,7.5,0,0,TN
mousebreaker.com,LOW,8.46,0,0,TN
notdoppler.com,LOW,0.0,0,0,TN
miniplay.com,LOW,0.0,0,0,TN
crazygames.id,LOW,0.0,0,0,TN
slotomania.com,-,-,0,0,TN
doubledowncasino.com,-,-,0,0,TN
bigfishgames.com,LOW,21.99,0,0,TN
huugegames.com,-,-,0,0,TN
playtika.com,LOW,20.0,0,0,TN
zynga.com,LOW,20.0,0,0,TN
gametwist.com,-,-,0,0,TN
jackpotpartycasino.com,-,-,0,0,TN
houseoffun.com,-,-,0,0,TN
doubleugames.com,-,-,0,0,TN
playstudios.com,-,-,0,0,TN
gsngames.com,-,-,0,0,TN
productmadness.com,-,-,0,0,TN
sciplay.com,LOW,0.0,0,0,TN
slotpark.com,LOW,5.0,0,0,TN
murka.com,LOW,0.0,0,0,TN
bingoblitz.com,-,-,0,0,TN
slingo.com,HIGH,57.54,1,0,FP
wooga.com,LOW,0.0,0,0,TN
gameloft.com,LOW,5.0,0,0,TN
mahjongtime.com,-,-,0,0,TN
247mahjong.com,-,-,0,0,TN
mahjong.com,LOW,15.58,0,0,TN
mahjonggames.com,LOW,9.66,0,0,TN
freemahjong.org,HIGH,50.0,1,0,FP
arkadium.com,-,-,0,0,TN
solitaired.com,LOW,5.0,0,0,TN
worldofsolitaire.com,LOW,20.0,0,0,TN
247solitaire.com,-,-,0,0,TN
cardgames.io,LOW,5.0,0,0,TN
trickstercards.com,LOW,0.0,0,0,TN
gametop.com,HIGH,62.5,1,0,FP
gamehouse.com,LOW,0.0,0,0,TN
247games.com,-,-,0,0,TN
247cardgames.com,LOW,0.0,0,0,TN
mahjongg.com,LOW,13.55,0,0,TN
playok.com,-,-,0,0,TN
boardgamearena.com,LOW,0.0,0,0,TN
chess.com,LOW,7.5,0,0,TN
lichess.org,LOW,0.0,0,0,TN
sudoku.com,LOW,0.0,0,0,TN
jigsawplanet.com,-,-,0,0,TN
klondikesolitaire.com,LOW,20.0,0,0,TN
spider-solitaire.com,-,-,0,0,TN
supercell.com,LOW,12.5,0,0,TN
king.com,LOW,3.4,0,0,TN
rovio.com,LOW,7.5,0,0,TN
ea.com,LOW,0.0,0,0,TN
ubisoft.com,LOW,7.5,0,0,TN
minecraft.net,LOW,0.0,0,0,TN
garena.com,LOW,0.0,0,0,TN
riotgames.com,-,-,0,0,TN
blizzard.com,-,-,0,0,TN
nintendo.com,LOW,0.0,0,0,TN
playstation.com,MEDIUM,32.5,1,0,FP
xbox.com,LOW,0.0,0,0,TN
epicgames.com,LOW,0.0,0,0,TN
roblox.com,-,-,0,0,TN
innersloth.com,LOW,5.0,0,0,TN
hoyoverse.com,HIGH,52.5,1,0,FP
mihoyo.com,LOW,15.0,0,0,TN
nianticlabs.com,LOW,0.0,0,0,TN
pokemongolive.com,LOW,0.0,0,0,TN
neteasegames.com,LOW,5.0,0,0,TN
voodoo.io,LOW,0.0,0,0,TN
scopely.com,-,-,0,0,TN
jamcity.com,LOW,0.0,0,0,TN
glu.com,LOW,0.0,0,0,TN
kabam.com,LOW,7.5,0,0,TN
nexon.com,LOW,7.5,0,0,TN
krafton.com,LOW,5.0,0,0,TN
com2us.com,MEDIUM,49.83,1,0,FP
store.steampowered.com,LOW,0.0,0,0,TN
gog.com,LOW,7.5,0,0,TN
humblebundle.com,-,-,0,0,TN
greenmangaming.com,LOW,0.0,0,0,TN
fanatical.com,LOW,0.0,0,0,TN
clashofclans.com,LOW,0.0,0,0,TN
clashroyale.com,LOW,0.0,0,0,TN
brawlstars.com,LOW,0.0,0,0,TN
candycrushsaga.com,LOW,1.76,0,0,TN
sybogames.com,LOW,15.0,0,0,TN
angrybirds.com,-,-,0,0,TN
halfbrick.com,LOW,0.0,0,0,TN
fortnite.com,LOW,0.0,0,0,TN
playvalorant.com,LOW,7.5,0,0,TN
leagueoflegends.com,LOW,0.0,0,0,TN
dota2.com,LOW,0.0,0,0,TN
counter-strike.net,LOW,5.0,0,0,TN
apexlegends.com,LOW,25.0,0,0,TN
callofduty.com,LOW,0.0,0,0,TN
rockstargames.com,LOW,0.0,0,0,TN
konami.com,LOW,0.0,0,0,TN
square-enix-games.com,LOW,0.0,0,0,TN
sega.com,LOW,7.5,0,0,TN
capcom.com,LOW,11.97,0,0,TN
bandainamcoent.com,LOW,12.5,0,0,TN
atlus.com,LOW,0.0,0,0,TN
devolverdigital.com,LOW,5.0,0,0,TN
warframe.com,LOW,0.0,0,0,TN
pathofexile.com,LOW,7.5,0,0,TN
deadbydaylight.com,MEDIUM,30.0,1,0,FP
smitegame.com,LOW,25.0,0,0,TN
supergiantgames.com,LOW,15.0,0,0,TN
ageofempires.com,LOW,12.5,0,0,TN
ageofmythology.com,MEDIUM,35.04,1,0,FP
theoi.com,LOW,0.0,0,0,TN
greekmythology.com,-,-,0,0,TN
hades.game,-,-,0,0,TN
duniagames.co.id,LOW,7.5,0,0,TN
gamebrott.com,LOW,0.0,0,0,TN
ggwp.id,LOW,7.5,0,0,TN
oneesports.id,-,-,0,0,TN
esportsku.com,LOW,0.0,0,0,TN
hybrid.co.id,LOW,20.0,0,0,TN
revivaltv.id,-,-,0,0,TN
vcgamers.com,LOW,0.0,0,0,TN
itemku.com,LOW,12.5,0,0,TN
gamefever.id,-,-,0,0,TN
dafunda.com,LOW,0.0,0,0,TN
kotakgame.com,LOW,0.0,0,0,TN
jagatplay.com,-,-,0,0,TN
gamedaim.com,LOW,0.0,0,0,TN
esportsnesia.com,LOW,15.0,0,0,TN
kincir.com,LOW,0.0,0,0,TN
indogamers.com,LOW,5.0,0,0,TN
ligagame.com,-,-,0,0,TN
gamefinity.id,LOW,0.0,0,0,TN
skor.id,-,-,0,0,TN
ign.com,MEDIUM,30.0,1,0,FP
gamespot.com,LOW,12.5,0,0,TN
polygon.com,LOW,17.5,0,0,TN
kotaku.com,LOW,0.0,0,0,TN
pcgamer.com,LOW,12.5,0,0,TN
eurogamer.net,MEDIUM,30.0,1,0,FP
rockpapershotgun.com,LOW,25.0,0,0,TN
gamesradar.com,LOW,12.5,0,0,TN
destructoid.com,LOW,7.5,0,0,TN
vg247.com,LOW,15.0,0,0,TN
gematsu.com,LOW,0.0,0,0,TN
dualshockers.com,LOW,7.5,0,0,TN
gamerant.com,LOW,12.5,0,0,TN
thegamer.com,LOW,12.5,0,0,TN
nintendolife.com,-,-,0,0,TN
pushsquare.com,-,-,0,0,TN
purexbox.com,-,-,0,0,TN
3djuegos.com,LOW,0.0,0,0,TN
gameinformer.com,LOW,12.5,0,0,TN
metacritic.com,LOW,0.0,0,0,TN
play.google.com,LOW,0.0,0,0,TN
apps.apple.com,LOW,7.5,0,0,TN
apkpure.com,LOW,0.0,0,0,TN
apkmirror.com,LOW,0.0,0,0,TN
uptodown.com,MEDIUM,31.15,1,0,FP
softonic.com,LOW,0.0,0,0,TN
apkcombo.com,LOW,0.0,0,0,TN
malavida.com,LOW,7.7,0,0,TN
aptoide.com,LOW,20.0,0,0,TN
f-droid.org,LOW,0.0,0,0,TN
razer.com,LOW,0.0,0,0,TN
logitechg.com,LOW,0.0,0,0,TN
steelseries.com,LOW,12.5,0,0,TN
hyperx.com,LOW,17.5,0,0,TN
corsair.com,LOW,0.0,0,0,TN
kompas.com,LOW,0.0,0,0,TN
detik.com,LOW,1.89,0,0,TN
cnnindonesia.com,LOW,0.0,0,0,TN
tribunnews.com,LOW,0.0,0,0,TN
liputan6.com,LOW,0.0,0,0,TN
kumparan.com,LOW,0.0,0,0,TN
tempo.co,LOW,0.0,0,0,TN
antaranews.com,LOW,0.0,0,0,TN
suara.com,LOW,23.8,0,0,TN
merdeka.com,LOW,11.98,0,0,TN
okezone.com,LOW,11.08,0,0,TN
sindonews.com,LOW,0.0,0,0,TN
republika.co.id,LOW,0.0,0,0,TN
jpnn.com,-,-,0,0,TN
viva.co.id,LOW,0.0,0,0,TN
kompas.tv,LOW,0.0,0,0,TN
idntimes.com,LOW,12.5,0,0,TN
tirto.id,LOW,0.0,0,0,TN
kontan.co.id,LOW,0.0,0,0,TN
bisnis.com,LOW,0.0,0,0,TN
komdigi.go.id,LOW,0.0,0,0,TN
kominfo.go.id,-,-,0,0,TN
kemenkeu.go.id,LOW,0.0,0,0,TN
kemdikbud.go.id,-,-,0,0,TN
indonesia.go.id,LOW,0.0,0,0,TN
polri.go.id,LOW,0.0,0,0,TN
bi.go.id,LOW,0.0,0,0,TN
ojk.go.id,LOW,0.0,0,0,TN
kemkes.go.id,-,-,0,0,TN
ruangguru.com,LOW,0.0,0,0,TN
zenius.net,LOW,0.0,0,0,TN
quipper.com,LOW,0.0,0,0,TN
sekolah.mu,-,-,0,0,TN
brainpop.com,-,-,0,0,TN
prodigygame.com,LOW,0.0,0,0,TN
khanacademy.org,LOW,0.0,0,0,TN
ajaib.co.id,-,-,0,0,TN
bibit.id,LOW,0.0,0,0,TN
stockbit.com,LOW,0.0,0,0,TN
pluang.com,LOW,0.0,0,0,TN
bareksa.com,LOW,0.0,0,0,TN
indodax.com,LOW,0.0,0,0,TN
tokocrypto.com,LOW,4.81,0,0,TN
pintu.co.id,LOW,0.0,0,0,TN
reku.id,LOW,0.0,0,0,TN
dana.id,LOW,0.0,0,0,TN
flip.id,LOW,0.0,0,0,TN
jenius.com,LOW,7.5,0,0,TN
gopay.co.id,LOW,0.0,0,0,TN
linkaja.id,LOW,0.0,0,0,TN
ovo.id,LOW,15.0,0,0,TN
tokopedia.com,LOW,20.0,0,0,TN
shopee.co.id,LOW,0.0,0,0,TN
bukalapak.com,LOW,2.21,0,0,TN
blibli.com,LOW,0.0,0,0,TN
lazada.co.id,-,-,0,0,TN
zalora.co.id,LOW,7.5,0,0,TN
tiket.com,MEDIUM,27.5,1,0,FP
traveloka.com,LOW,0.0,0,0,TN
grab.com,LOW,0.0,0,0,TN
gojek.com,LOW,7.5,0,0,TN
halodoc.com,LOW,0.0,0,0,TN
2k.com,LOW,0.0,0,0,TN
activision.com,LOW,0.0,0,0,TN
take2games.com,LOW,0.0,0,0,TN
gearboxsoftware.com,-,-,0,0,TN
cdprojektred.com,LOW,7.5,0,0,TN
larian.com,LOW,7.5,0,0,TN
thqnordic.com,LOW,7.5,0,0,TN
paradoxinteractive.com,LOW,0.0,0,0,TN
playdead.com,LOW,0.0,0,0,TN
klei.com,LOW,7.5,0,0,TN
thatgamecompany.com,LOW,0.0,0,0,TN
hellogames.org,LOW,0.0,0,0,TN
tencent.com,LOW,5.0,0,0,TN
gamejolt.com,-,-,0,0,TN
gameforge.com,LOW,0.0,0,0,TN
pcgamesn.com,LOW,12.5,0,0,TN
wccftech.com,LOW,12.5,0,0,TN
twinfinite.net,LOW,0.0,0,0,TN
gamesindustry.biz,LOW,0.0,0,0,TN
gamedeveloper.com,LOW,5.0,0,0,TN
gamingbible.com,LOW,0.0,0,0,TN
screenrant.com,LOW,12.5,0,0,TN
liquipedia.net,LOW,18.07,0,0,TN
hltv.org,LOW,12.5,0,0,TN
dotabuff.com,MEDIUM,32.5,1,0,FP
op.gg,LOW,0.0,0,0,TN
tracker.gg,LOW,7.5,0,0,TN
vlr.gg,LOW,17.5,0,0,TN
eslgaming.com,LOW,7.5,0,0,TN
