domain,status,final_url
rtpliga123login5.com,BLOKIR,
rtponlinegila138.komunitasku.sbs,BLOKIR,https://internet-positif.info
zonagacor13d.com,AKTIF,https://zonagacorsai.com/
akses-mpokita.online,BLOKIR,https://internet-positif.info
sumo.vslots88fire4.cfd,AKTIF,https://sumo.vslots88fire4.cfd/
figurlivertp.xyz,BLOKIR,
filter303libas.com,BLOKIR,
zientoto9032.com,BLOKIR,
www.abc8a99.com,BLOKIR,
zipzapslotid.com,AKTIF,https://zipzapslot.it.com
www.affiliatempomega.com,BLOKIR,https://internet-positif.info
zeusl9zusv.jatengtoto.one,BLOKIR,
www.66emart.com,AKTIF,https://www.66emart.com/
zero77a.com,BLOKIR,https://internet-positif.info
fortuner77slot.org,BLOKIR,
z0yg1et1hw.kaosjingga.com,BLOKIR,
jeparatotosama.com,MATI,
jepegede.gulalitoto.space,BLOKIR,
z25kp9cnf3.kaosjingga.com,BLOKIR,
bradfordsoccer.org,AKTIF,https://bradfordsoccer.org/
fojqctoe9j.bmwvip2.pro,BLOKIR,https://internet-positif.info
bri62-win.space,BLOKIR,
www.136.la,AKTIF,https://www.136.la/
ys88betonline.com,AKTIF,https://ys88betonline.com/
yudha.togelup662.life,BLOKIR,
yolo4dbit.com,AKTIF,https://yolo4dbit.com/
younhee.xyz,BLOKIR,
ythextra-id.com,BLOKIR,https://internet-positif.info
yuhuslotvip.xyz,BLOKIR,https://internet-positif.info
yhriskr118.site,AKTIF,https://yhriskr118.site/
www.77111777.pro,AKTIF,https://www.77111777.pro/
y54jm.axis168.site,MATI,
jeweldompet.com,BLOKIR,
wss.bet735.bet,MATI,https://wss.bet735.bet/
yayapulaukoin.com,BLOKIR,
jh2qat4fiu0ky7yz51n6.jpsonicfix.site,BLOKIR,
brovegasoke.com,BLOKIR,https://internet-positif.info
jetkilat.com,BLOKIR,
y485axuy4wvfvujj7ajb.jpsonicfix.site,BLOKIR,https://internet-positif.info
wsiqqwin4d.space,AKTIF,https://wsiqqwin4d.space/
bskyu37557.matador168portalmasuk.com,BLOKIR,
xxtotoofficial.click,BLOKIR,https://internet-positif.info
xuxutesti.space,BLOKIR,
xz2r.domino4dfav.com,BLOKIR,
wpjook5bpn.vwvip2.pro,BLOKIR,https://internet-positif.info
xiutoto401.com,AKTIF,https://www.xiutotobet.com/
jepe.bibit4d.ink,BLOKIR,https://internet-positif.info
jhvip.quest,AKTIF,https://jhvip.quest/
ji59u4ltl0.wbocashc.sbs,AKTIF,https://ji59u4ltl0.wbocashc.sbs/
jer.yoweswd.xyz,MATI,
jin4dbagibagi.com,BLOKIR,https://internet-positif.info
x7mykeu2rqyt1b5f11p0.jpsonicfix.site,MATI,
www.visitlonggrove.com,BLOKIR,https://internet-positif.info
wowsuburtoto.com,BLOKIR,
bt5apkvip.xyz,BLOKIR,
x1jq.bandungtotofire.site,MATI,
马秋元.ink,BLOKIR,
xtsz.bantenhero.cloud,BLOKIR,
wonplay888web.net,BLOKIR,
yakin-cuan.online,BLOKIR,https://internet-positif.info
yl002.yolanda77a.store,AKTIF,https://oy001.yolanda77b.online/
00vwwtiend6c7yvot8fs.bungaslot.dev,BLOKIR,
www.thangliendoan.com,BLOKIR,
wonder4dget.com,BLOKIR,
www.thegrumpyfish.com,AKTIF,https://www.thegrumpyfish.com/
wong138x.org,MATI,
www.supercourt.jp,AKTIF,https://www.supercourt.jp/
www.timbreorbite.com,BLOKIR,
www.spookcityusa.com,BLOKIR,
www.steelwheelstrainphotos.com,AKTIF,https://www.steelwheelstrainphotos.com/
bugisbrand.com,BLOKIR,https://internet-positif.info
jiwashop09.com,BLOKIR,
www.sorotanugerahtoto.net,BLOKIR,
www.situs025.com,BLOKIR,
wowo33.com,AKTIF,https://wowo33.com/
www.rtpvegas123asli2.com,BLOKIR,https://internet-positif.info
wso138regis.com,BLOKIR,
www.royaleboss914.com,BLOKIR,
www.rubensmeatmarkets.com,BLOKIR,
www.permatapuricibubur.com,AKTIF,https://www.permatapuricibubur.com/
www.qpbet20.cc,BLOKIR,
firstplay88cloud.com,AKTIF,https://firstplay88cloud.com/
www.rejekigames007.xyz,BLOKIR,
wkwk777work.com,BLOKIR,
www.sanghokiplay.sbs,BLOKIR,
jelasjpyb.linkamp88.online,BLOKIR,
wkj80ce0kjs9683ljibb.bungaslot.dev,BLOKIR,
www.ontechnos.com,BLOKIR,
wkwkslotmanis.top,BLOKIR,https://internet-positif.info
www.needwin.xyz,BLOKIR,
www.neduet.edu.pk,AKTIF,https://www.neduet.edu.pk/
jiwaku88boster.space,MATI,
jiwa62vip.biz,MATI,
www.nulifegastrocare.com,MATI,
www.olahragasbotop.com,BLOKIR,
www.papuatoday.com,AKTIF,https://www.papuatoday.com/
www.mata11.com,BLOKIR,https://internet-positif.info
www.maha168crown.com,BLOKIR,
winwin406.bet,MATI,
www.meganusantaraevents.com,BLOKIR,https://internet-positif.info
winwinraisboy.bet,AKTIF,https://winwinraisboy.bet/
www.krongprae.com,BLOKIR,
wiraspin88gh.vip,BLOKIR,https://internet-positif.info
www.kisarantotomanjur.com,BLOKIR,
k8.yachts,MATI,
fjfqgs.com,BLOKIR,
www.lambo234.casa,BLOKIR,https://internet-positif.info
wisdom77.weebly.com,BLOKIR,
www.kasinojpmacau.xyz,BLOKIR,
www.korekapibersorak.com,BLOKIR,
jmcoklat.autos,AKTIF,https://jmcoklat.autos/
jkco.cancerthsspeermade.com,MATI,
www.indoplaybet.wiki,BLOKIR,
www.kapaljitu.xyz,BLOKIR,https://internet-positif.info
www.isi-apk13.xyz,BLOKIR,
jogjatotodisini.com,BLOKIR,https://internet-positif.info
jnt777lima.xyz,BLOKIR,
0hzzhqp4y339il90zy0z.myjpcash.com,BLOKIR,
www.juara288.biz,BLOKIR,
www.greencare.com.sg,AKTIF,https://www.greencare.com.sg/
winslot138.net,BLOKIR,
www.gbo4d11.lat,BLOKIR,
winsemua.icu,BLOKIR,
www.escortlarmanavgat.com,BLOKIR,https://internet-positif.info
jnt77loginalternatif.com,BLOKIR,https://internet-positif.info
winrate777f.pics,BLOKIR,https://internet-positif.info
www.gbo007j.online,BLOKIR,https://internet-positif.info
fitri4d6.baby,BLOKIR,https://internet-positif.info
070.com,AKTIF,https://070.com/
jogjayes4d.xyz,BLOKIR,
joinbostonslot.fit,AKTIF,https://joinbostonslot.fit/
jto.co.id,AKTIF,https://jto.co.id/
joinwib61.org,BLOKIR,https://internet-positif.info
buktiada.online,BLOKIR,https://internet-positif.info
jb9auq0ejl.top1toto199.com,BLOKIR,
jowoampgarudamu.click,BLOKIR,
www.ciakholiaubento.com,MATI,
www.bandit4d.org,BLOKIR,
www.apistage.mocatest.org,AKTIF,https://www.apistage.mocatest.org/
www.androidics.nl,AKTIF,https://www.androidics.nl/
www.bitbolaplay.com,BLOKIR,
buktijackpotmio.com,BLOKIR,
wink4d.org,MATI,
www.agen198mantap.com,BLOKIR,
www.777ids.com,MATI,
jojo899sip.site,BLOKIR,
www.6879onfire.com,BLOKIR,
www.66kbet222o.cc,BLOKIR,https://internet-positif.info
win2-2mtoto.baby,BLOKIR,https://internet-positif.info
ww1.pojokmanga.net,BLOKIR,https://internet-positif.info
win138z2.com,BLOKIR,
buktimenangmonpera.xyz,BLOKIR,https://internet-positif.info
win300.net,BLOKIR,https://internet-positif.info
wongsobetbest.site,AKTIF,https://wongsobetbest.site/
win33pola-vip.icu,BLOKIR,https://internet-positif.info
wrg-tukangwd.space,BLOKIR,
joni82202.com,AKTIF,https://joni82202.com/
bbm4dbeer.com,BLOKIR,
bb010.barbar365.online,MATI,
buktijepe-zeus138.biz,BLOKIR,https://internet-positif.info
wiro4d.space,BLOKIR,https://internet-positif.info
win.w4dgg.xyz,BLOKIR,
wg4dcoy.com,BLOKIR,https://internet-positif.info
jorototo1.org,BLOKIR,
wew.jetwin77xx.com,BLOKIR,
wifi138vip8.com,BLOKIR,
webpker188.org,BLOKIR,
jowoampdora.click,BLOKIR,
wild.virtus77.space,BLOKIR,
wedang77.cc,BLOKIR,
wiltotocuan88.com,BLOKIR,
wawasankini.com,BLOKIR,
fix-pan.sbs,MATI,
watitotouin-malang.pages.dev,BLOKIR,https://internet-positif.info
win88bluee.site,AKTIF,https://win88bluee.site/
wap.jaxpublications.com,MATI,
jowosltelang.com,BLOKIR,https://internet-positif.info
winners3.rames.shop,AKTIF,https://winners3.rames.shop/
c01x.iramatogelthis.com,BLOKIR,
www.fair77.ad,BLOKIR,
0cjye4ksgx.kopivip2.pro,BLOKIR,https://internet-positif.info
forgzlptxx.koin33c.lol,BLOKIR,
warungsloten.com,BLOKIR,
jowoampkomandan.click,BLOKIR,
wlatog-el.com,BLOKIR,
joyslot-88.lat,BLOKIR,
bympo189.store,BLOKIR,
wak5000gold.com,BLOKIR,https://internet-positif.info
bcall-th.bcgame.bet,MATI,https://bcall-th.bcgame.bet/dispatch-v6/
wh5vqhx5mfow66clnxr7.bungaslot.dev,BLOKIR,https://internet-positif.info
wahanadepok.com,AKTIF,https://wahanadepok.com/
bebjackpot.xyz,BLOKIR,https://internet-positif.info
wettanbieterohnelugas.net,BLOKIR,https://internet-positif.info
w0wslot1688.bet,MATI,
jp268suk4.autos,BLOKIR,
welcomesm188.top,BLOKIR,https://internet-positif.info
bursa188do.online,AKTIF,https://bursa188do.online/
wengtoto21.org,MATI,
vrjtn8176s.top1toto199.com,BLOKIR,
wfy0mw7yqvf8x5b44fh4.bungaslot.dev,BLOKIR,
w9g1.idncash-1.com,AKTIF,https://w9g1.idncash-1.com/
wg3xwkmuyf.asd123vip2.pro,BLOKIR,
viral.alternatif-herototo.shop,BLOKIR,https://internet-positif.info
vipbet88majestic.com,BLOKIR,
jazztoto.net,BLOKIR,
virexadaun.com,BLOKIR,
visitindosat.com,AKTIF,https://visitindosat.com/
fomopandahoky.shop,BLOKIR,
vip3.togel900-x.com,BLOKIR,
websni.info,BLOKIR,
bungaberduri.xyz,BLOKIR,
webhopeng33.com,BLOKIR,https://internet-positif.info
vip-rajaakurat14.shop,BLOKIR,
jaun88bro.com,BLOKIR,https://internet-positif.info
website.aqua88x.com,BLOKIR,
boxing55ab.store,AKTIF,https://boxing55ab.store/
fomopandahoky.space,MATI,
victory78.net,BLOKIR,
ad1.mawar800-23.site,BLOKIR,
vgslot-88.xyz,BLOKIR,https://internet-positif.info
franktonfirstumc.org,BLOKIR,
vengsuiptr.xyz,BLOKIR,https://internet-positif.info
vegas338gcr.site,BLOKIR,
vava4dbantul.com,BLOKIR,
forza88game.xyz,BLOKIR,https://internet-positif.info
v9.paktuaslotbest.de,BLOKIR,https://internet-positif.info
adam77amp.pages.dev,AKTIF,https://adam77amp.pages.dev/
vattugiaothonghanoi.com,AKTIF,https://vattugiaothonghanoi.com/
vemm.jabarsukses.cloud,BLOKIR,https://internet-positif.info
10.jepe500play.lol,AKTIF,https://10.jepe500play.lol/
vip-ciputratoto2.online,AKTIF,https://vip-ciputratoto2.online/
wdbos88bets.com,BLOKIR,https://internet-positif.info
v8etind.online,AKTIF,https://v8etind.online/
boytotoeight.online,BLOKIR,
v30.nirwana88bet.website,BLOKIR,https://internet-positif.info
wd4d.co,BLOKIR,https://internet-positif.info
v18.sugih4dbet.quest,BLOKIR,
bwo303-januarycerah.space,BLOKIR,
userslotsite.com,BLOKIR,
us.linkdana55.cfd,BLOKIR,
wd8tx0rtud4wc2jazke6.bungaslot.dev,BLOKIR,
untung88absoluted.xyz,BLOKIR,
wdgemoy0922.site,BLOKIR,https://internet-positif.info
uni.escuelatolotzin.edu.mx,MATI,
untargcbos.com,AKTIF,https://untargcbos.com/
jpmania25.jpmania-masuk.com,AKTIF,https://jpmania25.jpmania-masuk.com/
botakkuat.com,BLOKIR,
bwo99-januaryprimez.art,AKTIF,https://bwo99-januaryprimez.art/
freexrp.in,AKTIF,https://freexrp.in/
us88a.online,BLOKIR,
jpslot88one.top,BLOKIR,
watitoto133a.org,BLOKIR,https://internet-positif.info
ug123sup.online,BLOKIR,
uya4dmoonlight.com,BLOKIR,
jazz188-cerah.xyz,BLOKIR,
uang888games.com,MATI,
ubek606.com,BLOKIR,https://internet-positif.info
uaobqbbp2i.prada55c.one,BLOKIR,
u8vd.oyamurayama.com,AKTIF,https://u8vd.oyamurayama.com/
wassookeagmoccasins.com,BLOKIR,https://internet-positif.info
0r4ncbr2g0poeh3yvwn7.bungaslot.dev,BLOKIR,https://internet-positif.info
wati88slot.com,BLOKIR,
0myz3rs1ih.top1toto199.com,BLOKIR,https://internet-positif.info
wasit.linkrupiah.bet,AKTIF,https://wasit.linkrupiah.bet/
u710upj65l.kopivip2.pro,BLOKIR,
waslot-2sd.pages.dev,BLOKIR,
twstalkercolmek.com,BLOKIR,
wantessentials.com,BLOKIR,
u1rs.domino4dfav.com,BLOKIR,
tujuh19.kediritotovip.pro,AKTIF,https://tujuh19.kediritotovip.pro/
tuna55goods.com,BLOKIR,
c1yjkhnmrn3gi2winlhd.jpsonicfix.site,BLOKIR,https://internet-positif.info
wangsafair.xyz,BLOKIR,
1001-slotku.xyz,BLOKIR,https://internet-positif.info
jrn7aaczvp.vwvip2.pro,AKTIF,https://jrn7aaczvp.vwvip2.pro/
warkop77.net,BLOKIR,
104.21.62.193,MATI,
wagtotogold.com,BLOKIR,
ttm787pilihanhati.xyz,BLOKIR,
ad5.ovoslot88k.info,BLOKIR,
trunklambo.com,BLOKIR,https://internet-positif.info
wahana99-a6.site,MATI,
trikgacor.rtplivehausgol.com,BLOKIR,
wagateway.alhikmah.ac.id,MATI,
104.16.114.45,MATI,https://104.16.114.45/
freeseite.com,AKTIF,https://okejppro.org/
totoslot121.xyz,BLOKIR,
ads16.rina4dtoto.fit,MATI,https://ads16.rina4dtoto.fit/
totosydney8000.com,BLOKIR,https://internet-positif.info
bbtn4dslot.com,BLOKIR,
judolhoki88.4man.live,AKTIF,https://judolhoki88.4man.live/
totorawitjp.best,BLOKIR,
trisulajoin.org,BLOKIR,
wajibggads.wiki,BLOKIR,https://internet-positif.info
totodvl.com,BLOKIR,
judolhoki88main.hair,BLOKIR,
toto12speed.online,BLOKIR,https://internet-positif.info
toto136.net,BLOKIR,
topraban37.online,BLOKIR,
wajibslot27.com,BLOKIR,
toto188-race.xyz,BLOKIR,
jwkzb48673.dewataking.site,BLOKIR,
fufu4dpejuangdunia.xyz,BLOKIR,
tongtotomantra.com,BLOKIR,https://internet-positif.info
jumpaleopard.site,BLOKIR,
wayangterbaik.xyz,BLOKIR,https://internet-positif.info
top5.naga99game.net,BLOKIR,https://internet-positif.info
welcome2gembetsg.com,BLOKIR,
1121slotkuda.info,BLOKIR,
wa88masuk.cyou,BLOKIR,
tokped200.pro,BLOKIR,https://internet-positif.info
juliet77.org,BLOKIR,
tomatbet-link.site,AKTIF,https://tomatbet-link.site/
toko123.casa,BLOKIR,
tokoofficialjp.shop,BLOKIR,https://internet-positif.info
jumtototerbaik.com,BLOKIR,
w8o5a4dt0z.hugo77juara.biz,BLOKIR,
u80incye393lh5qwp67e.pancing77.dev,BLOKIR,
jurusqq20.net,BLOKIR,
juraganrtp.art,BLOKIR,
1121slotbintang.org,BLOKIR,https://internet-positif.info
c8.winterfresh.ink,BLOKIR,
w2.winterfresh.ink,BLOKIR,
this14.yupigalaxy.one,MATI,
adem16.akongsuper.com,MATI,
cabangsemarbijak.store,AKTIF,https://cabangsemarbijak.store/
bigo88ku.cyou,BLOKIR,
tgslot23.pro,BLOKIR,
w11bet-a.click,BLOKIR,https://internet-positif.info
118.194.234.167,AKTIF,https://118.194.234.167/
w64t9wmgl7v9j4sdm2sy.bungaslot.dev,BLOKIR,
tiga.idrtoto222.com,AKTIF,https://tiga.idrtoto222.com/
vvipwisnu77.site,BLOKIR,
terpercayabos2.pastibayarbos.site,BLOKIR,https://internet-positif.info
tempo4d-win.club,BLOKIR,
telukbisa.com,BLOKIR,https://internet-positif.info
jaringankencang.xyz,AKTIF,https://jaringankencang.xyz/
jaringangestur.xyz,BLOKIR,https://internet-positif.info
tebar4do.online,AKTIF,https://tebar4do.online/
tehbotolpretty.online,BLOKIR,
frontporchonline.com,BLOKIR,
taxi4dc.lol,BLOKIR,
tcud2023.org,BLOKIR,
telaga771.xyz,BLOKIR,
temvariedades.com,BLOKIR,
tarungup.work,BLOKIR,
taruhbosque.site,BLOKIR,
tan001.sultan189b.online,AKTIF,https://sut001.sultan189c.live/
fun77surge.com,AKTIF,https://fun77surge.com/
talas789.net,BLOKIR,
vqdhnpnw93sywe4qou8i.sakutoto990.com,BLOKIR,https://internet-positif.info
taipan77fox.lol,BLOKIR,https://internet-positif.info
vqpibdf580.rudaltotoking.com,AKTIF,https://vqpibdf580.rudaltotoking.com/
ca010.lingkaran78.live,AKTIF,https://ca010.lingkaran78.live/
jzv5duozth.briotepat.com,BLOKIR,
fullcharged9090.xyz,BLOKIR,
tabungutama.net,BLOKIR,https://internet-positif.info
fun001.jarot88a.online,BLOKIR,
11modal777.net,BLOKIR,
ads11raja01.shop,BLOKIR,https://internet-positif.info
t0t0l0kaa88.space,MATI,
k2zk.jokoo4d.net,BLOKIR,
tabolabale88a.top,AKTIF,https://tabolabale88a.top/
vp5l9xarwd.koin33c.lol,AKTIF,https://vp5l9xarwd.koin33c.lol/
tag4dmain.pages.dev,AKTIF,https://tag4dmain.pages.dev/
vp9ayp4c1xmk3mv4kb0a.myjpcash.com,BLOKIR,
tentenslotgame.biz,BLOKIR,
szm80esrdi.sontogel002.com,BLOKIR,
k4.mokko.fun,BLOKIR,
cadas138login.com,AKTIF,https://cadas138login.com/
suritoto.com,BLOKIR,
sush.jp,MATI,
surga898ah.com,BLOKIR,
superwin303milk.com,AKTIF,https://superwin303milk.com/
voltagevaults.com,BLOKIR,
surga898ah.phoenixvulcanix.id,BLOKIR,
k8tdiyeybsxa1evr2w2f.aksesamatogel.com,BLOKIR,
k9k0.diponegoro4dbest.com,BLOKIR,
kadalganas.online,BLOKIR,
superbonus88bet.com,BLOKIR,
12rmdl2kbh.gt108vip3.com,BLOKIR,
sultan188site.com,BLOKIR,
suksesjitu-rtp.xyz,AKTIF,https://suksesjitu-rtp.xyz/
sultan178-v2.space,BLOKIR,https://internet-positif.info
w8rbmtvw2d.kaosjingga.com,BLOKIR,
sukabengbeng.com,BLOKIR,
wadahnice.com,BLOKIR,
cair389.com,BLOKIR,https://internet-positif.info
vivoslot123.com,BLOKIR,
sunanmax.monster,BLOKIR,
vivoslot1.com,BLOKIR,https://internet-positif.info
str.v1klikhoki.site,AKTIF,https://str.v1klikhoki.site/
store.posingpetal.com,MATI,https://store.posingpetal.com/
stake88-rtp-rook.vercel.app,MATI,
cair.kakektotomainkan.xyz,BLOKIR,
vitalslot77.com,BLOKIR,
camat123.org,BLOKIR,
visitlonggrove.com,BLOKIR,
14.vivo500.ink,BLOKIR,https://internet-positif.info
kaisarslot777.quest,MATI,
spoonersfroyo.com,BLOKIR,
spinoza88.cepatjp1.sbs,BLOKIR,https://internet-positif.info
japan88b.org,BLOKIR,https://internet-positif.info
adik4d.makeup,AKTIF,https://adik4d.makeup/
spin-paris.net,MATI,
vivo303winwin.com,BLOKIR,
spin805.fit,BLOKIR,https://internet-positif.info
viralselir188.boats,AKTIF,https://viralselir188.boats/
spam4donterus.space,AKTIF,https://spam4donterus.space/
sorotansimba.com,AKTIF,https://simba4d.com/
spartaplay-palm.xyz,BLOKIR,
spbuspatula.com,BLOKIR,
solana777.net,BLOKIR,https://internet-positif.info
145megasensa.com,BLOKIR,
14btmoyk8q.markas338dikawal.com,BLOKIR,https://internet-positif.info
bantenwin.xyz,BLOKIR,https://internet-positif.info
vippion168site.sbs,MATI,
15pelita.com,BLOKIR,
fun.apibetrtp.com,BLOKIR,
sob77webs.monster,MATI,
aejjz43849.slotid88-jackpot.com,BLOKIR,
caishen899.net,MATI,
sltdmlgp.blogspot.com,BLOKIR,https://internet-positif.info
158c.cancerthsspeermade.com,BLOKIR,https://internet-positif.info
slotpoker188po.org,AKTIF,https://slotpoker188po.org/
vip3.khusus4d-xyz.site,BLOKIR,https://internet-positif.info
156oppott.com,MATI,
vip5.klikzeus10.pro,BLOKIR,https://internet-positif.info
slotasiabetgg.site,AKTIF,https://slotasiabetgg.site/
visabet88play.com,AKTIF,https://visabet88play.com/
slot898s.org,BLOKIR,
kancilbolamama.online,BLOKIR,
kampiun88link.xyz,BLOKIR,
kamarresmiicaku.shop,BLOKIR,https://internet-positif.info
slot155baru.com,BLOKIR,
slot4.rtpput88gacor.com,BLOKIR,https://internet-positif.info
vip1.kerasakti8.shop,BLOKIR,
skyslot-ph.com,BLOKIR,
kamipokerfullwin.com,BLOKIR,
fungame777ningrat.com,BLOKIR,https://internet-positif.info
sky1.gadunslot-rtp.com,BLOKIR,
vip.modejp.xyz,BLOKIR,https://internet-positif.info
spliceproticcfiocruzbr.pages.dev,BLOKIR,https://internet-positif.info
vip.obatdiet.xyz,BLOKIR,
calocanda.com,BLOKIR,
vip17.alternatifokitoto.info,BLOKIR,
situs-ketua.haka55-x.com,BLOKIR,https://internet-positif.info
advancedcellpatients.com,BLOKIR,
sirkus4biru.com,BLOKIR,https://internet-positif.info
kanazawa.vonza.cc,BLOKIR,https://internet-positif.info
boskudawinner.xyz,BLOKIR,https://internet-positif.info
jangkar555b.net,BLOKIR,https://internet-positif.info
sjd.qaidi804vip1.bet,BLOKIR,
singsing.gembira.club,BLOKIR,
sinitaruhanliga.top,BLOKIR,
situsdolar99b.top,BLOKIR,https://internet-positif.info
sihokibetclub.online,BLOKIR,
vidioxx.com,BLOKIR,
shop.makeitsow.com,BLOKIR,https://internet-positif.info
shop.andreaguillory.com,MATI,https://shop.andreaguillory.com/
shiromaung.com,BLOKIR,
162.159.134.42,MATI,https://162.159.134.42/
vibet888.net,BLOKIR,
sigma-omega89.pages.dev,BLOKIR,https://internet-positif.info
fymhb13139.asialve88fix.icu,BLOKIR,https://internet-positif.info
setan4d3.net,AKTIF,https://setan4d3.net/
singototo1.com,BLOKIR,https://internet-positif.info
kangjituwon.com,BLOKIR,
server2.luckypremiumbola.hair,BLOKIR,
kapten69hero.com,BLOKIR,https://internet-positif.info
kapallauut.space,AKTIF,https://kapallauut.space/
sepanjangjalantol777.fun,BLOKIR,
sensirtpnew.site,BLOKIR,
vip22.sigacor88.ink,BLOKIR,https://internet-positif.info
cake-tok99toto.ink,BLOKIR,
futsalsm188.top,BLOKIR,https://internet-positif.info
cakra777alternatif.wiki,BLOKIR,https://internet-positif.info
fyp338link.online,BLOKIR,https://internet-positif.info
sehat.wargatotoresmi2.com,BLOKIR,
viamotutti.com,AKTIF,https://viamotutti.com/
cakra777alternatif.pics,BLOKIR,
karin88.com,BLOKIR,https://internet-positif.info
calon4djitu.org,BLOKIR,
165.22.98.246,MATI,
selaluonline-rajabet123.site,BLOKIR,https://internet-positif.info
banjircuan2.xyz,BLOKIR,
scat428jq6ndzbt4fkgo.bungaslot.dev,BLOKIR,
vivobet77.net,AKTIF,https://vivobet77.net/
sedapnikmat.org,BLOKIR,
sayamantap.pro,BLOKIR,
sayapbolaboss.site,AKTIF,https://sayapbolaboss.site/
165.232.161.92,MATI,
karirtotodewa.com,BLOKIR,
banjiruan.site,BLOKIR,
sawo4djp2.xyz,BLOKIR,
sawo4djp3.mom,BLOKIR,
g5avwx70td8esb3h.fufuslot.tech,BLOKIR,
sawihijausegar.store,BLOKIR,
vforvolleyball.com,AKTIF,https://linklist.bio/primbon178/
165.245.187.21,AKTIF,https://g2g98x.one/
vegaswin.net,AKTIF,https://vegaswin.net/
169cuango.site,AKTIF,https://169cuango.site/
velbett0.online,BLOKIR,https://internet-positif.info
172.67.138.170,MATI,
satuhari.linkrupiah.bet,BLOKIR,https://internet-positif.info
satudepo88.ink,BLOKIR,
satu.kientoto008.com,BLOKIR,https://internet-positif.info
vegas108club.com,BLOKIR,https://internet-positif.info
sanjisematkan.com,MATI,
saranaxingfu.com,AKTIF,https://saranaxingfu.com/
188bet.br.com,MATI,https://188bet.br.com/
sastotojim.site,AKTIF,https://sastotojim.site/
vcy08hg8pyl73gcujew8.bungaslot.dev,BLOKIR,
178.128.86.89,AKTIF,https://178.128.86.89/
vde9gvw34y.botuna55c.click,BLOKIR,https://internet-positif.info
sanca999-mantepselalu.xyz,BLOKIR,https://internet-positif.info
kastil777apel.com,BLOKIR,https://internet-positif.info
jambisupra.site,AKTIF,https://jambisupra.site/
sakuratotoart.xyz,BLOKIR,https://internet-positif.info
saka69-vip.fit,BLOKIR,
sadewa77caps.com,BLOKIR,https://internet-positif.info
valir4dfly.site,BLOKIR,
s6.paladintoto.link,BLOKIR,
validtoto.in.net,BLOKIR,
sabartoto.co,BLOKIR,
vansdanabet.shop,BLOKIR,
17des.rusia777.sbs,BLOKIR,https://internet-positif.info
vad94.luxhoki.life,MATI,
s5i3dpi9g0.pttogel777.vip,BLOKIR,https://internet-positif.info
vaksin99can1.xyz,MATI,
188.166.230.142,MATI,
fzf9i.riderdownload.com,BLOKIR,https://internet-positif.info
rx69nkhp3a.briotepat.com,BLOKIR,
18belegendwin.com,BLOKIR,https://internet-positif.info
s4rk.jabarsukses.cloud,MATI,https://s4rk.jabarsukses.cloud/
kaskus800.online,BLOKIR,https://internet-positif.info
satu19.bugissite.one,BLOKIR,
1mumunbet.com,BLOKIR,
kasuswin.com,BLOKIR,
1ggoeft1vs.rudaltotoking.com,BLOKIR,https://internet-positif.info
bangsawan36.online,BLOKIR,
bandit96.net,BLOKIR,
kataseleb.wiki,BLOKIR,
dewaslot4dq.org,BLOKIR,https://internet-positif.info
kaw89-rtp.net,BLOKIR,https://internet-positif.info
tktotovv.com,BLOKIR,https://internet-positif.info
rumput4d.net,AKTIF,https://rumput4d.net/
v3italia.space,BLOKIR,
rubikslotaa.com,BLOKIR,
aenis37566.g88connect.com,BLOKIR,https://internet-positif.info
rtpzeus138langit.com,AKTIF,https://rtpzeus138langit.com/
rtpwg4d.live,BLOKIR,https://internet-positif.info
1c02gvpyaq.sultan33i.lat,BLOKIR,
rtpxtra838mantap.com,BLOKIR,
uyu138.com,BLOKIR,https://internet-positif.info
daftar1.hyper88kagebunsin.com,BLOKIR,
uwu4dg.com,BLOKIR,
rtpslot88resmijp8.online,BLOKIR,
uwgfz5qhij.bmwvip3.pro,BLOKIR,
rtpsimbawinvip.space,BLOKIR,
kawatmenuai.com,BLOKIR,
uutoto1.com,BLOKIR,
rtps88ag.pages.dev,BLOKIR,
uu777slot.org,BLOKIR,
rtpsabangjitu18.site,BLOKIR,https://internet-positif.info
rtpslotgeng215.com,AKTIF,https://rtpslotgeng215.com/
rtpslotudin251.com,BLOKIR,https://internet-positif.info
jalurpaten.com,BLOKIR,
1k1jvhx8uz.gt108vip3.com,BLOKIR,
rtpvegas138w.pages.dev,BLOKIR,https://internet-positif.info
uv.mohs.gov.mn,AKTIF,https://uv.mohs.gov.mn/
claregolfclub.com,BLOKIR,
jakjp11.beauty,BLOKIR,
rtpnewsitevega168.online,AKTIF,https://rtpnewsitevega168.online/
rtpnew-indowin88.live,MATI,
rtposaka88n.site,AKTIF,https://rtposaka88n.site/
kedai168mice.com,BLOKIR,
rupiahgg7777.com,BLOKIR,https://internet-positif.info
rtpmeriah18.online,BLOKIR,
kedai168motif.com,BLOKIR,https://internet-positif.info
rtpmini1221.monster,BLOKIR,
rtpmangkokcun.mom,AKTIF,https://rtpmangkokcun.mom/
aerobintaro.site,BLOKIR,
1hal777login.com,BLOKIR,https://internet-positif.info
utkarsh-bharat.com,BLOKIR,
1kgyfjhwpd793hei2lq5.myjpcash.com,AKTIF,https://1kgyfjhwpd793hei2lq5.myjpcash.com/
uyu168bets.com,BLOKIR,
rtpjuragantogel88f.store,BLOKIR,
rtpjrgn69new.com,BLOKIR,https://internet-positif.info
rtpjackjuara.com,BLOKIR,https://internet-positif.info
rtpgtasligacor.pages.dev,BLOKIR,https://internet-positif.info
rtpjayatop77win.ink,BLOKIR,
rtpjp-lgopro99.quest,BLOKIR,https://internet-positif.info
rtpgocekbandar-4.site,BLOKIR,
jakarta.rajatogelidr.com,BLOKIR,https://internet-positif.info
rtpdaunemas-6.com,BLOKIR,
rtpcun-super33.sbs,BLOKIR,
rtpfilter4dcuan3.site,BLOKIR,https://internet-positif.info
vespa69.weebly.com,AKTIF,https://vespa69.weebly.com/
rtpgaruda4djp.online,BLOKIR,
keranjang88a.buzz,BLOKIR,https://internet-positif.info
rtpcun-gb88.sbs,BLOKIR,
kenzototohappy.com,BLOKIR,
candutoto4d.support,BLOKIR,
captortpslot.me,BLOKIR,
vljzxpxhs7.sumo138zeus.com,BLOKIR,https://internet-positif.info
rtpgrahaspinslot.com,BLOKIR,
uqfwzmay86.alamperkasa.sbs,AKTIF,https://uqfwzmay86.alamperkasa.sbs/
rtpbuy138hacks.site,BLOKIR,
uq3k6qhyer.caritvtogel.vip,BLOKIR,
1rajawin77.xyz,BLOKIR,
rtpbonusku.one,BLOKIR,https://internet-positif.info
rtpbosangka-2.info,BLOKIR,https://internet-positif.info
1nsupgercep.com,BLOKIR,https://internet-positif.info
upinaman.com,AKTIF,https://upinaman.com/
rtpbibirtoto.vip,BLOKIR,
jagokiw.site,BLOKIR,
keragroup-2bv.store,AKTIF,https://keragroup-2bv.store/
rtpboba5.click,BLOKIR,
keongtogelnext.com,BLOKIR,
keren.dumdum4d-omagah.com,BLOKIR,
keraton4.com,BLOKIR,
1nplaybagus9.site,BLOKIR,
rtpbaikmandala89.site,MATI,
rtpbetx400.site,BLOKIR,
rtp21murah4d.rtpgacorbos.lat,MATI,
jagoanwin.com,BLOKIR,
agenmasion.xyz,BLOKIR,https://internet-positif.info
2.rtpkarya4d43.xyz,BLOKIR,
untung99rtp2.click,AKTIF,https://untung99rtp2.click/
rtp3.mansionvip.pro,BLOKIR,
unovegasidn1.biz,BLOKIR,
rtp04.sakura189.online,BLOKIR,
kimi-no-koto-ga-suki-dakara.pages.dev,BLOKIR,
bambu4d.onl,AKTIF,https://bambu4d.onl/
canopuspeduli.me,BLOKIR,
ketogel2win.com,AKTIF,https://ketogel2win.com/
rtp02.kuda189a.live,BLOKIR,
rtp01.mafia78.store,BLOKIR,
kewarga777b.com,BLOKIR,
1zit6fvzti.kopivip2.pro,BLOKIR,
rtp.ultras79.live,BLOKIR,
rtp02.mafiajudi77a.site,BLOKIR,
kfnwfijwwpoeqifgh.com,BLOKIR,https://internet-positif.info
rtp.rex88a.online,BLOKIR,
rtp.pastigacor88.cyou,BLOKIR,
kgoc96jir4jebln4axyh.jpsonicfix.site,AKTIF,https://kgoc96jir4jebln4axyh.jpsonicfix.site/
kikislotzone.shop,BLOKIR,
rtp.mainmainslot.ink,BLOKIR,
king2.mauslot-rtpserver.live,BLOKIR,
rtpcmbet93.xyz,BLOKIR,https://internet-positif.info
rtp.kelas189b.online,BLOKIR,
uno88melt.xyz,BLOKIR,https://internet-positif.info
rtp-topan4d.tipsresmi.pro,BLOKIR,
rtp.bunga189a.site,AKTIF,https://rtp.bunga189a.site/
rtp.gameboybet88.com,BLOKIR,
rtp.leo78a.store,BLOKIR,
unibeet99.com,AKTIF,https://unibeet99.com/
rtp-selayar88.fit,BLOKIR,https://internet-positif.info
un64047xww.dota88e.life,BLOKIR,
rtp-pohon169-exclusive.pages.dev,BLOKIR,
uncletonysburgers.com,BLOKIR,
rtp-rajacukongzzz.pucukdingin.org,BLOKIR,
king88best.org,BLOKIR,
umatoshika-event.com,BLOKIR,
rtp-kelinciapi9484.store,BLOKIR,https://internet-positif.info
rtp-bro178.cyou,BLOKIR,https://internet-positif.info
rtp-duabuahpedangwin.xyz,MATI,
g76totohebat.store,AKTIF,https://g76totohebat.store/
rr0zofi7wz.kaosjingga.com,MATI,
2.ajudan303o.com,MATI,https://2.ajudan303o.com/
rtp-aktorhoki.xyz,BLOKIR,https://internet-positif.info
rplot.org,BLOKIR,
romanobet-on.pages.dev,AKTIF,https://romanobet-on.pages.dev/
kingtotoplay.makeup,BLOKIR,
rogvoltora.com,BLOKIR,
rprprpslot.org,AKTIF,https://rprprpslot.org/
gabantoto.store,BLOKIR,
robot-fan.net,AKTIF,https://robot-fan.net/
bigo4doke.com,BLOKIR,
21bl6vz9rl.n69gacor.lol,BLOKIR,https://internet-positif.info
kingtoto-nich.pages.dev,AKTIF,https://kingtoto-nich.pages.dev/
jago388s.org,BLOKIR,
rogdl301d5sr6u37taj7.jpsonicfix.site,BLOKIR,https://internet-positif.info
rogkerenbanget.pro,BLOKIR,
rtp-koin404mongs.pro,BLOKIR,https://internet-positif.info
kipas899ok.pics,BLOKIR,
rmslot.situsterbaik.online,BLOKIR,
rmslotnaik.shop,BLOKIR,
afsbe.org,BLOKIR,https://internet-positif.info
2026020500.golden666super.com,MATI,
rjtweb2.store,AKTIF,https://rjtweb2.store/
kocokjakarta.lat,BLOKIR,https://internet-positif.info
2026020800.duashienslot.com,MATI,
jacpot168.net,BLOKIR,
rtp-slot4.site,BLOKIR,
rezekislot88.net,BLOKIR,
kiwifarms.bet,AKTIF,https://kiwifarms.bet/
ult288.com,BLOKIR,
resmi-mildstone4d.websitexx.sbs,BLOKIR,https://internet-positif.info
ultimaslot-amp6.pages.dev,AKTIF,https://ultimaslot-amp6.pages.dev/
resmi1.musang288gucci.com,BLOKIR,
kita08.nox123.net,BLOKIR,https://internet-positif.info
reg2sejuk.info,BLOKIR,
ultimatekerbau.online,AKTIF,https://ultimatekerbau.online/
recehterbang.xyz,BLOKIR,
ko4nu5gga5csfc2ghf76.bungaslot.dev,BLOKIR,
ular-jawa.space,BLOKIR,https://internet-positif.info
rbkvapaq77.senju33h.top,BLOKIR,
kliwonmaung.com,BLOKIR,
ball.loginsitus8888.online,BLOKIR,
209.38.59.196,MATI,
rankvip805.site,BLOKIR,
ukisomething.com,BLOKIR,
rajcair.online,BLOKIR,
bale.rempahdunia.xyz,AKTIF,https://bale.rempahdunia.xyz/
uko.zt777.bet,MATI,https://uko.zt777.bet/
rakyatjprtpkaum.shop,BLOKIR,
kksc1m0yaa.top1toto199.com,BLOKIR,
ratuliga-ac72.site,BLOKIR,
ratuu28.sbs,BLOKIR,https://internet-positif.info
rajatoto2safari.com,BLOKIR,
rajasimo89-wso.xyz,BLOKIR,https://internet-positif.info
boscuan77aq.com,BLOKIR,https://internet-positif.info
ag-s10.demoslotbaru.com,BLOKIR,https://internet-positif.info
cas55.wiki,BLOKIR,
gabut99.net,BLOKIR,
rajahoki123resmi.com,BLOKIR,https://internet-positif.info
gacor-koko188.my,MATI,
rajabonanza88slot.store,MATI,https://rajabonanza88slot.store/
uhxo.saudarapride.com,BLOKIR,
casino77x.org,BLOKIR,
ragamwow.com,BLOKIR,
ragnaroktogel87.com,BLOKIR,
raja404stay.com,BLOKIR,https://internet-positif.info
klikme88web.com,BLOKIR,
ugarena777okt.com,BLOKIR,https://internet-positif.info
21bw0xm7yu.jos55ku.pics,BLOKIR,
ugloginutama.com,BLOKIR,
r88jpku.fit,BLOKIR,
ugwin288vip7.vip,BLOKIR,
bos868terong.shop,BLOKIR,
klkazro5g9.jamintotofres.com,BLOKIR,
quancomvanphong.com,BLOKIR,https://internet-positif.info
klubsenang.space,BLOKIR,https://internet-positif.info
queenbet138-cr.shop,BLOKIR,
queenofthequeen.site,BLOKIR,
ug128asia.com,AKTIF,https://ug128asia.com/
2noah4d.resmi5.com,BLOKIR,https://internet-positif.info
gacor4.i8livertp.com,BLOKIR,
qqstar88roma.com,BLOKIR,https://internet-positif.info
qq398.net,AKTIF,https://qq398.net/
koboislot.space,MATI,https://koboislot.space/
qqalienpoker-jos.store,BLOKIR,https://internet-positif.info
rafi66slot.org,AKTIF,https://rafi66slot.org/
gacor88top.top,BLOKIR,https://internet-positif.info
q9gyhwsmzd.top1toto199.com,BLOKIR,
kzmejybuke.nusantaravip2.pro,BLOKIR,
ucc16k2y07d8zhqru8nd.bungaslot.dev,BLOKIR,
putri.kedai168thailand.com,BLOKIR,
putih.jackpotselalu.site,BLOKIR,
komunitaskayaraya.site,BLOKIR,
2inova777gg.online,BLOKIR,https://internet-positif.info
pupuslotjos.com,BLOKIR,
gacorx500cu.top,BLOKIR,https://internet-positif.info
qq365-fb.online,BLOKIR,
pusatradar88.shop,BLOKIR,https://internet-positif.info
puji138.com,MATI,
2ic1.pikmobile.id,BLOKIR,https://internet-positif.info
pulaujudibca.com,BLOKIR,https://internet-positif.info
ptintercommetindonesia.com,BLOKIR,
uasr.domino4dfav.com,BLOKIR,
prototo2.com,BLOKIR,
agencuanmu.fun,BLOKIR,
promotionalservices.top,BLOKIR,
kocoktasikmalaya.lat,BLOKIR,
u4ibpvszzo.kaskuskita.com,BLOKIR,https://internet-positif.info
pro8etiojk.lat,BLOKIR,https://internet-positif.info
koi.fusototo.top,BLOKIR,
princemahkota.com,BLOKIR,
ccrjn12569.lintas7.pro,AKTIF,https://ccrjn12569.lintas7.pro/
234togelact.com,BLOKIR,https://internet-positif.info
pro778.com,BLOKIR,https://internet-positif.info
two.madetotoutama.com,AKTIF,https://two.madetotoutama.com/
prediksirajakayu.com,BLOKIR,https://internet-positif.info
j6lp.rumahracun.com,AKTIF,https://j6lp.rumahracun.com/
twstalkerviral.org,BLOKIR,https://internet-positif.info
prediksif.lexitoto.cv,BLOKIR,https://internet-positif.info
ubm4dsnow8.com,BLOKIR,
prediksijitucato.com,AKTIF,https://prediksijitucato.com/
gacorwinamp7.site,BLOKIR,
24jan.mainmeongtoto.cyou,AKTIF,https://24jan.mainmeongtoto.cyou/
tuwagaslots.autos,BLOKIR,
268896.jmslt.com,BLOKIR,
agen43.situsbandarxl.com,BLOKIR,
popularwintech.com,BLOKIR,https://internet-positif.info
bakti77.net,BLOKIR,
kode9.vivo500.ink,BLOKIR,
popularwinmoon.com,BLOKIR,https://internet-positif.info
24msg777.com,BLOKIR,
polawkwkslotz2.top,BLOKIR,
koi200.sbs,BLOKIR,
29hokiww.com,BLOKIR,
ponislothub.rest,BLOKIR,https://internet-positif.info
28titikbet.com,BLOKIR,
puluh17.asikajapokemon.com,BLOKIR,https://internet-positif.info
bbmtotolife.com,BLOKIR,https://internet-positif.info
pola2.mantratoto-rtp.xyz,BLOKIR,https://internet-positif.info
pola.rtppariban4d.com,AKTIF,https://pola.rtppariban4d.com/
koibet4mj2026.com,BLOKIR,
26gesit77.net,BLOKIR,
jabrix4djelas.com,BLOKIR,https://internet-positif.info
cb899sip.homes,BLOKIR,
ply77arcane.com,BLOKIR,
kokotogel-vip.live,BLOKIR,https://internet-positif.info
ufa.uz,AKTIF,https://ufa.uz/
playking88masuk.com,BLOKIR,
plaza1.ertepe-blazing.com,BLOKIR,
playwin88a.com,MATI,
platplat789-vip.cyou,BLOKIR,
j20op6zyu0104a39fp92.bungaslot.dev,BLOKIR,https://internet-positif.info
pjs8.jokoo4d.net,BLOKIR,https://internet-positif.info
pk006.paduka77a.store,BLOKIR,
planet77terlalu.lol,BLOKIR,https://internet-positif.info
turbo76.org,BLOKIR,
plsbt88.site,BLOKIR,https://internet-positif.info
bagustoto1.yachts,BLOKIR,
kurnia898apk.biz,BLOKIR,https://internet-positif.info
piubetgames.com,MATI,
pistol4d7.polartp2025.com,BLOKIR,https://internet-positif.info
ukioriginal.com,BLOKIR,https://internet-positif.info
pilot77meriah-c.com,BLOKIR,
gbk76.com,BLOKIR,https://internet-positif.info
pick4d60.xyz,BLOKIR,
tuantogelultra.com,BLOKIR,
pik88tent.xyz,BLOKIR,
tuantogelplus.com,BLOKIR,
pindahpidnah.com,BLOKIR,
agung711uang.com,AKTIF,https://agung711uang.com/
petirsuper700.xyz,AKTIF,https://petirsuper700.xyz/
bigone.rtp-livo88.online,BLOKIR,
pgcawan.com,BLOKIR,
cdn.pmx.bet,MATI,https://cdn.pmx.bet/
peruenlanoticia.com,BLOKIR,
perisaiwaze07.com,BLOKIR,
pesgslotgame107.lat,BLOKIR,
petarungabastoto012.xyz,BLOKIR,https://internet-positif.info
polakoko5000.autos,BLOKIR,
trx.bintangxmpo.com,BLOKIR,
pepsitrick.com,MATI,
trisulatoto.com,AKTIF,https://trisulatoto.com/
pelangitoto888sakti.com,BLOKIR,
baik05.senampikiran.xyz,BLOKIR,
koran88.org,BLOKIR,
pejuangslotgol.com,AKTIF,https://pejuangslotgol.com/
peciae.store,BLOKIR,
kopokopo.co.ke,AKTIF,https://kopokopo.co.ke/
kopitogel13.com,BLOKIR,https://internet-positif.info
pechwork.ru,BLOKIR,
boskoin1000.online,BLOKIR,https://internet-positif.info
trustamer4d-4.com,BLOKIR,https://internet-positif.info
payung57.cam,AKTIF,https://payung57.casa/
pecah404luck.com,BLOKIR,
kopral858.com,BLOKIR,
patih80808.com,BLOKIR,
pasukanprofit.com,BLOKIR,
patriot88kyorai.com,BLOKIR,
centil11.net,BLOKIR,
kotabogorkab.shop,BLOKIR,
cermin303sed.com,AKTIF,https://cermin303sed.com/
perada88.org,BLOKIR,
trikcuansanji.fit,BLOKIR,
checkout.kidsrepublic.com,BLOKIR,https://internet-positif.info
kpislot.net,BLOKIR,
charmbellestudio.site,BLOKIR,
kotbayan.mom,BLOKIR,
2e9ryab3vs.betavip2.pro,BLOKIR,
2eze.jabarsukses.cloud,BLOKIR,
rajatoto4boss.com,BLOKIR,https://internet-positif.info
2home.prediksimu.live,AKTIF,https://2home.prediksimu.live/
panen77reg.com,BLOKIR,
gamabet88junkie.com,BLOKIR,
pandaviral.guru,AKTIF,https://pandaviral.guru/
pameladnc.site,BLOKIR,
paladentalclinic.com,BLOKIR,
championslot-casino.bet,MATI,
galau88.com,BLOKIR,https://internet-positif.info
pakderana.site,BLOKIR,
gahnzlsf5w.sontogel002.com,BLOKIR,
pagimenjelang.xyz,BLOKIR,https://internet-positif.info
tr.betebet-mini.com,BLOKIR,https://internet-positif.info
cf-cdn.pixapi.net,MATI,https://cf-cdn.pixapi.net/
bandit87.org,BLOKIR,
tr.kingroyalbossvision.com,BLOKIR,https://internet-positif.info
p8f.1ligabola.click,BLOKIR,
toyoways.space,BLOKIR,
oxliga.town,BLOKIR,https://internet-positif.info
tower99.com,BLOKIR,
owltoto-ampsolap21.site,BLOKIR,https://internet-positif.info
toyota303lat.cfd,BLOKIR,
p200m2025.cfd,AKTIF,https://p200m2025.cfd/
krocobet-amplanding-1.pages.dev,BLOKIR,https://internet-positif.info
ososlota1.site,BLOKIR,
orionlightingcamera.com,AKTIF,https://www.arkeobook.com/
totoxlwakanda.store,MATI,
2way-bet.org,BLOKIR,https://internet-positif.info
kring88m.xyz,BLOKIR,
tousi-life.jp,AKTIF,https://tousi-life.jp/
opaslotgg.ink,AKTIF,https://opaslotgg.ink/
online.rtpnagahoki88.live,BLOKIR,https://internet-positif.info
ks88rtp2.com,BLOKIR,
cg52.jokoo4d.net,BLOKIR,https://internet-positif.info
on80586.com,BLOKIR,https://internet-positif.info
totosatu.fun,BLOKIR,https://internet-positif.info
cheap-louisvuittonoutlets.org,BLOKIR,
agennagaperak99.online,BLOKIR,
2qdh9kerv3ycw0jb.fufuslot.tech,BLOKIR,https://internet-positif.info
ksatriaslot.site,BLOKIR,
kt006.kramat77.store,BLOKIR,
chester.bet,AKTIF,https://chester.bet/
olx88jos.com,BLOKIR,https://internet-positif.info
citislotsplayku.site,BLOKIR,
kuasindah.com,BLOKIR,
olx53.aksesyok.com,AKTIF,https://olx53.aksesyok.com/
olxwin88.beauty,AKTIF,https://olxwin88.beauty/
totolokaa88maju.store,AKTIF,https://totolokaa88maju.store/
oke4dtenang.com,BLOKIR,
ku004.kuda189a.live,BLOKIR,
toto80cang.site,BLOKIR,
oja88.net,AKTIF,https://oja88.net/
totocc02.app,BLOKIR,
og3mly89fa.kaskuskita.com,BLOKIR,https://internet-positif.info
toto7777.com,BLOKIR,
oasissphere.com,AKTIF,https://oasissphere.com/
ku007.key365a.live,BLOKIR,
galaxy77mesin.com,BLOKIR,
o2flcx.malukulancar.com,AKTIF,https://o2flcx.malukulancar.com/
galaxy77betmacau.com,BLOKIR,https://internet-positif.info
2y8kt5iaphvy2uqcxn3t.myjpcash.com,BLOKIR,https://internet-positif.info
kuamore.com,BLOKIR,
toto3a.org,BLOKIR,https://internet-positif.info
nusawin88jos.com,BLOKIR,
toto3d.net,BLOKIR,https://internet-positif.info
nvgqgzb735.top1toto199.com,BLOKIR,
kudahoki-u297.kudahoki.online,AKTIF,https://kudahoki-u297.kudahoki.online/
totomaniacjaya.com,BLOKIR,
ola62az.store,BLOKIR,
traveloka.store,MATI,
nona188.net,BLOKIR,https://internet-positif.info
bagustoto1.cam,AKTIF,https://bagustoto1.cam/
toto27.net,BLOKIR,
nomorslot.xyz,AKTIF,https://nomorslot.xyz/
nmaxfinest.com,BLOKIR,https://internet-positif.info
nium889tut.com,BLOKIR,https://internet-positif.info
kudetabet99z.net,BLOKIR,
cincinslotrich.com,BLOKIR,https://internet-positif.info
cina365hoki.org,AKTIF,https://cina365hoki.org/
ninja388rush.pro,AKTIF,https://ninja388rush.pro/
galaxy898onepiece.com,BLOKIR,https://internet-positif.info
nicetogel018.site,BLOKIR,https://internet-positif.info
toto12pendant.space,BLOKIR,https://internet-positif.info
ngtjv8.borneojitu2.site,BLOKIR,
newpolapin.com,MATI,
new1.anekatotogacorbgt.com,AKTIF,https://new1.anekatotogacorbgt.com/
newjumanji88.com,BLOKIR,
agung711in.com,BLOKIR,
cilok.jamu-aja.org,AKTIF,https://cilok.jamu-aja.org/
303maxwinhoki.fit,BLOKIR,https://internet-positif.info
kuota4dpower.com,BLOKIR,https://internet-positif.info
nefliktoto.com,BLOKIR,https://internet-positif.info
cihuy88real-06.top,AKTIF,https://cihuy88real-06.top/
cina123.com,BLOKIR,
toto12kilat.org,BLOKIR,
nibili.shop,BLOKIR,
airmaxmenssneakers.com,MATI,
nanette.pragmatictechnologysolution.com,BLOKIR,
topslot88solid.xyz,AKTIF,https://topslot88solid.xyz/
nagawin89.net,BLOKIR,
nagacash9b.sbs,BLOKIR,https://internet-positif.info
topgamerajaneko.cfd,BLOKIR,
naga2026.site,BLOKIR,https://internet-positif.info
topslot118super.com,BLOKIR,
naga186.net,BLOKIR,https://internet-positif.info
airasiaterus.org,BLOKIR,
naskahtoto.com,BLOKIR,
kuningtoto81.com,BLOKIR,
musikpalingatas.com,BLOKIR,https://internet-positif.info
toto268uu.linkamp88.online,AKTIF,https://toto268uu.linkamp88.online/
mujur505first.com,AKTIF,https://mujur505first.com/
kylorenx-7.bond,BLOKIR,
top805go.fit,BLOKIR,https://internet-positif.info
ciptogel.com,BLOKIR,https://internet-positif.info
top805id.com,BLOKIR,
ms1.tiket777a1.pro,AKTIF,https://ms1.tiket777a1.pro/
galaxypap.top,AKTIF,https://galaxypap.top/
ciputra-amp.online,BLOKIR,https://internet-positif.info
top2.ak4dtoto.site,BLOKIR,https://internet-positif.info
citibet88b.pro,BLOKIR,https://internet-positif.info
mpocashportal1.store,BLOKIR,
kurniatotomantap.com,BLOKIR,
mpo88asiatwo.net,BLOKIR,https://internet-positif.info
j200m-cair.ink,AKTIF,https://j200m-cair.ink/
l1uka5ymxlsjo18gi1bg.myjpcash.com,BLOKIR,
mpo1881pastijos.com,BLOKIR,
l7788.rtpchuan.store,BLOKIR,https://internet-positif.info
clark.ligabanteng168.site,BLOKIR,https://internet-positif.info
mrqt0.blogspot.com,AKTIF,https://mrqt0.blogspot.com/
mso303joss.club,BLOKIR,
top1rankpasticuan-cb88.pages.dev,AKTIF,https://top1rankpasticuan-cb88.pages.dev/
mp003.puri189.online,BLOKIR,https://internet-positif.info
moge-ampsolap27.site,BLOKIR,
molasayang.xyz,BLOKIR,
claridecor.com,AKTIF,https://claridecor.com/
modus4dgurl.com,BLOKIR,
modus4drosta.com,BLOKIR,
montepiedra.kitsunestudio.mx,AKTIF,https://thevillagecommons.com/
gamabet88coal.com,AKTIF,https://gamabet88coal.com/
mpo111resmi.wordpress.com,MATI,
l9.hsowinlogin.com,BLOKIR,
gamawin118.shop,BLOKIR,
mmgp.com,MATI,https://mmgp.com/
tokospin805.ink,BLOKIR,https://internet-positif.info
mirror-playbook88.com,BLOKIR,https://internet-positif.info
tokushimachuo-housedo-amp7.pages.dev,BLOKIR,
migo88situs.site,AKTIF,https://migo88situs.site/
tokomadurajaya.store,BLOKIR,
milan.sekaitoto.org,BLOKIR,
35gb.iramatogelthis.com,BLOKIR,https://internet-positif.info
langit78b.com,BLOKIR,
mgbandarmax.xyz,BLOKIR,https://internet-positif.info
mghoki88good.online,AKTIF,https://mghoki88good.online/
lambo234-rtp.bond,BLOKIR,https://internet-positif.info
tokosebelah.online,BLOKIR,
cloudway388.top,BLOKIR,
37rtpbenteng786.org,BLOKIR,
missboldghana.com,AKTIF,https://nocoffeenocode.com/entertainment/
coc4d16.com,BLOKIR,
metro4dcat.com,AKTIF,https://metro4dcat.com/
mercon800link.website,BLOKIR,
tokolive11.xyz,BLOKIR,https://internet-positif.info
mentozs4d.com,BLOKIR,
lalabayar.com,BLOKIR,https://internet-positif.info
mercon800.net,BLOKIR,
37.serubet.app,BLOKIR,https://internet-positif.info
melayu4d2026.site,BLOKIR,https://internet-positif.info
j09dwr7yaklju9e1t2rz.bungaslot.dev,BLOKIR,
langka3-ambil4d.space,BLOKIR,https://internet-positif.info
mekar77asli.boats,BLOKIR,https://internet-positif.info
megacuancandy.com,BLOKIR,https://internet-positif.info
tokeslotgood.website,BLOKIR,https://internet-positif.info
menara-slot.com,BLOKIR,
toko2.dasartoto.mex.com,BLOKIR,
medibooking.org,BLOKIR,
gamabet88mc.com,BLOKIR,
365rajaholic.biz,AKTIF,https://365rajaholic.biz/
bigbos99oke.xyz,BLOKIR,
coki88white.com,AKTIF,https://coki88white.com/
tohir78-a32.com,AKTIF,https://tohir78-a32.com/
36rantai88.online,BLOKIR,
tokekwim.org,BLOKIR,https://internet-positif.info
mc002.cinta78a.site,BLOKIR,
togel288jpo15.com,BLOKIR,
mc007.anakbos88.site,BLOKIR,
j5.winterfresh.ink,AKTIF,https://j5.winterfresh.ink/
maxwin788.net,BLOKIR,https://internet-positif.info
maxwin303amp7.pages.dev,BLOKIR,https://internet-positif.info
laskar777.org,BLOKIR,
laris.algototo.motorcycles,BLOKIR,
maxslot88plus.site,BLOKIR,https://internet-positif.info
maxpoker88straight.live,BLOKIR,
lapakspinar.life,BLOKIR,
mc001.satria78a.store,AKTIF,https://mc001.satria78a.store/
37ce77q04r9oquxtf7nh.bungaslot.dev,BLOKIR,https://internet-positif.info
mawar633-vip.site,BLOKIR,
togaplaydaftar.com,BLOKIR,https://internet-positif.info
matauangroma.live,BLOKIR,
tobabet4d53.com,AKTIF,https://tobabet4d53.com/
masukgacorunited4.xyz,BLOKIR,https://internet-positif.info
to-group9.store,MATI,
masjp44.top,BLOKIR,
game.bet735.bet,MATI,https://game.bet735.bet/
masuk.kumaha99-asli.com,BLOKIR,https://internet-positif.info
37u5gix8o1.jamintotofres.com,BLOKIR,
companylibra168.com,AKTIF,https://libra168group1.com/
conan168.org,BLOKIR,
tobrut888jp.store,AKTIF,https://tobrut888jp.store/
masihtotokl.com,BLOKIR,
maritim4dnc.com,MATI,
bbo4d.com,BLOKIR,
latoto29.co,BLOKIR,
maqq.org,BLOKIR,
3amppaham.pro,MATI,
game001.bastian89.site,BLOKIR,https://internet-positif.info
mantapbig.com,BLOKIR,
mariablog665.com,AKTIF,https://mariablog665.com/
mantap89zone.pics,BLOKIR,https://internet-positif.info
tokekwinrtppenglaris.shop,MATI,
rtpslotdaduu.fit,BLOKIR,https://internet-positif.info
bagus4d.org,MATI,
mandalika77.nl,AKTIF,https://mandalika77.nl/
tisu4dstar.org,BLOKIR,
mancing777.net,BLOKIR,
game005.texas189a.site,BLOKIR,
contactmanager.unoplatform.io,MATI,
tim02-presidencc.cyou,BLOKIR,
mamajitu0369.com,MATI,https://mamajitu0369.com/
timewarptrio.com,AKTIF,https://timewarptrio.com/
mainnyalabet.net,BLOKIR,
tiki77-vip.site,BLOKIR,https://internet-positif.info
main8.selalutoto.fun,BLOKIR,
main1.rtplavowin.site,BLOKIR,https://internet-positif.info
maindayak777.live,BLOKIR,https://internet-positif.info
d6xq.vipnatunatoto.site,BLOKIR,
tip4dan.site,AKTIF,https://tip4dan.site/
mail.ok500rp.icu,BLOKIR,https://internet-positif.info
lautmerah4d-lm.space,BLOKIR,
tigerhokimantap.beauty,BLOKIR,
grab89sun.com,BLOKIR,https://internet-positif.info
tiganol0126h.olxtoto.dev,BLOKIR,https://internet-positif.info
cuanpolos.icu,AKTIF,https://cuanpolos.icu/
lautsasartoto.com,AKTIF,https://lautsasartoto.com/
tigasatu0126h.olxtoto.dev,BLOKIR,https://internet-positif.info
mabarbola2.sbs,BLOKIR,https://internet-positif.info
ahudu00vyg.kaosjingga.com,BLOKIR,https://internet-positif.info
maafpusings.pages.dev,BLOKIR,
ajo98a.net,BLOKIR,
ma.adajackpot.site,BLOKIR,https://internet-positif.info
lcctoto4d16.com,BLOKIR,
main.seni108maxwin.com,BLOKIR,https://internet-positif.info
m0dj.jabarsukses.cloud,BLOKIR,
tiga.akuntoto014.com,BLOKIR,https://internet-positif.info
m02.polarjp.store,MATI,https://m02.polarjp.store/
legaltechlawyer.seraphin.legal,MATI,
lgoindomaster.top,BLOKIR,
crown4d.websitex.sbs,MATI,
tiga.1totoair.lol,BLOKIR,
luna83676.com,AKTIF,https://luna83676.com/
lunaplay-macau.com,BLOKIR,
lukissport.com,BLOKIR,
luckygopay69.com,BLOKIR,https://internet-positif.info
ajjf7xtzsh.top1toto199.com,BLOKIR,https://internet-positif.info
3bsw.site,BLOKIR,
tiga13.gawang69x.one,MATI,
copa99prly.lol,BLOKIR,
ajototopatek.xyz,BLOKIR,https://internet-positif.info
mandala77-rocky.com,AKTIF,https://mandala77-rocky.com/
ldk88ganas.sbs,BLOKIR,https://internet-positif.info
tiga9j.xyz,BLOKIR,
na77a.net,BLOKIR,
tigoals.github.io,MATI,
lotuspelangi.io.in,BLOKIR,
titan778.org,BLOKIR,
loki99ampamp.pages.dev,BLOKIR,
ledak123.com,BLOKIR,
three.orn88topcer.com,BLOKIR,https://internet-positif.info
loginsabi06.shop,BLOKIR,https://internet-positif.info
itl4dberjaya.site,BLOKIR,
thrivusinstitute.edu.gh,AKTIF,https://thrivusinstitute.edu.gh/
loginsunda.com,BLOKIR,https://internet-positif.info
cornercafecs.com,BLOKIR,
coutoto.com,BLOKIR,https://internet-positif.info
thr777vvip2.com,BLOKIR,https://internet-positif.info
login1.ubud4dluck.com,AKTIF,https://login1.ubud4dluck.com/
theprexpress.com,BLOKIR,
login4dku.pics,BLOKIR,
ajototo.ramalanku.live,BLOKIR,
login.kantongkosong.com,BLOKIR,https://internet-positif.info
theflower-theory.pages.dev,BLOKIR,
login.harum4d.lat,BLOKIR,
thearjunawin99.xyz,BLOKIR,https://internet-positif.info
login.hyper88kagebunsin.com,BLOKIR,
amototo10.site,BLOKIR,
log2sejuk.info,BLOKIR,
livingusingmoney.com,BLOKIR,
live999.play-merona4d.com,AKTIF,https://live999.play-merona4d.com/
livertpescobar.xyz,BLOKIR,
thearjunawin99.online,BLOKIR,
ixelyzwqon.mbaktotoakses1.click,AKTIF,https://ixelyzwqon.mbaktotoakses1.click/
legendgacor.com,BLOKIR,
3sqiiitfx9.vwvip2.pro,AKTIF,https://3sqiiitfx9.vwvip2.pro/
linkvipgr303.skin,BLOKIR,
the-three-six-five.com,AKTIF,https://the-three-six-five.com/
cs003.dory189.online,BLOKIR,
game001.republik365.online,BLOKIR,https://internet-positif.info
linkpucuk041.com,BLOKIR,
akai138.com,BLOKIR,
linkprediksiplay5.site,BLOKIR,https://internet-positif.info
legitotoin.online,BLOKIR,
legi77.com,BLOKIR,
bce5.bantenhero.cloud,BLOKIR,https://internet-positif.info
linkrajahoki.site,BLOKIR,
tgel88max.org,BLOKIR,
linkvip279.cfd,BLOKIR,https://internet-positif.info
tg88bosku.store,BLOKIR,
link8.pastikayabet99.top,AKTIF,https://link8.pastikayabet99.top/
tg0h58l3tr16r84t94pq.labewa4d268.site,BLOKIR,https://internet-positif.info
lltotoa.store,BLOKIR,
bos.abangdo.com,BLOKIR,https://internet-positif.info
link3.hkdlancar.online,BLOKIR,
link8.pemilutoto2029.com,BLOKIR,https://internet-positif.info
lepiepi.com,AKTIF,https://lepiepi.com/
lto.ovo88aa.info,BLOKIR,
lgn.calo33-play.online,BLOKIR,
lesehantoto0.space,BLOKIR,
3kg43tguh1p4s2de46ou.araitoto-x.com,BLOKIR,
lf7c9ygueu.kapten33a.site,MATI,
tgslot14.pro,BLOKIR,
bos138pkr.top,BLOKIR,https://internet-positif.info
cswu.gerhanatotovip2.com,BLOKIR,
isiulang-nabati2021.pages.dev,BLOKIR,
link-sg88.shop,BLOKIR,
ctls.pososulawesi.site,AKTIF,https://ctls.pososulawesi.site/
lgn.calo11game.online,BLOKIR,https://internet-positif.info
3naga.vivo500.ink,BLOKIR,
ligawonpro.com,BLOKIR,https://internet-positif.info
lightmika.site,BLOKIR,
lihat14.meriahkali.one,AKTIF,https://lihat14.meriahkali.one/
line072.rawit128b.com,BLOKIR,
ligaslotb.org,BLOKIR,https://internet-positif.info
link3.androresmi.work,AKTIF,https://link3.androresmi.work/
thrku-promo.com,BLOKIR,
li-nkbo-la.com,BLOKIR,https://internet-positif.info
libastoto.net,BLOKIR,https://internet-positif.info
link1.akseshkd.com,BLOKIR,
lega4d18.com,BLOKIR,https://internet-positif.info
libra128.com,BLOKIR,
legitotoalter.store,BLOKIR,
lgn.boba138n.christmas,AKTIF,https://lgn.boba138n.christmas/
topengtoto21.com,AKTIF,https://topengtoto21.com/
lbyaximean.top1toto199.com,AKTIF,https://zuuggdqynv.top1toto89.com/
lbgea43505.portalskor.pro,BLOKIR,
3rtpgiga.rtpgachor.com,AKTIF,https://3rtpgiga.rtpgachor.com/
lawu88slotx7.vip,BLOKIR,https://internet-positif.info
bidikdigital.site,BLOKIR,https://internet-positif.info
larunion.mom,BLOKIR,
lima.spbu777bx.shop,BLOKIR,
gampanghoki.guru,MATI,
laskarena.site,BLOKIR,https://internet-positif.info
ledakjago.com,BLOKIR,
3nymxyjwpv.rudaltotoking.com,AKTIF,https://3nymxyjwpv.rudaltotoking.com/
larahoki.com,BLOKIR,
z05o.bantenhero.cloud,BLOKIR,https://internet-positif.info
lapakspinar.biz,BLOKIR,
liga123login8.com,BLOKIR,https://internet-positif.info
liga2000rtpganz.com,BLOKIR,
laguslotakses.online,BLOKIR,https://internet-positif.info
lamoureph.org,BLOKIR,
ternakwinlogin.com,BLOKIR,
lagi-di-atas-langit.pages.dev,BLOKIR,https://internet-positif.info
ternakwinbig.com,BLOKIR,
l8.morfintotopride.online,BLOKIR,
tes-hoki4.site,BLOKIR,
cuan777cn.sbs,BLOKIR,https://internet-positif.info
badaibest.com,BLOKIR,
ligaputrabola.com,BLOKIR,https://internet-positif.info
labic2023chile.cl,BLOKIR,https://internet-positif.info
l0dz92oahk.top1toto199.com,BLOKIR,https://internet-positif.info
kyototomantap.store,BLOKIR,
terminalajaib.xyz,BLOKIR,
3uqej3qujg.top1toto199.com,BLOKIR,https://internet-positif.info
terbaik2026-sanca999.xyz,BLOKIR,https://internet-positif.info
kutub88super.com,BLOKIR,
terjatuhlagi.shop,BLOKIR,
kudetabet98indobounce.net,AKTIF,https://kudetabet98indobounce.net/
tembakbet2.org,BLOKIR,
kuv9u4ruxo.nusantaravip2.pro,AKTIF,https://kuv9u4ruxo.nusantaravip2.pro/
link-7.ug100.com.co,BLOKIR,
irhgefhx6o.jamintotofres.com,BLOKIR,
kumbangtiger.xyz,BLOKIR,
lima.bejototo168.com,MATI,https://lima.bejototo168.com/
kudahoki-0sme.kudahoki.online,AKTIF,https://kudahoki-0sme.kudahoki.online/
lincahbgd.com,AKTIF,https://lincahbgd.com/
iron4bruum.pro,BLOKIR,
ktp168-alt.shop,BLOKIR,
kpop-bts89.com,BLOKIR,
ajowinplay.com,BLOKIR,
kpktoto871jp.site,BLOKIR,
tejehoki.site,BLOKIR,https://internet-positif.info
kso303pm.xyz,BLOKIR,
bagustoto1.makeup,AKTIF,https://bagustoto1.makeup/
cuanlagi055.com,BLOKIR,
kopo88.net,BLOKIR,
tebakangkafuso.me,BLOKIR,
koreatotoabadi.org,BLOKIR,https://internet-positif.info
konohatoto78bumi.com,BLOKIR,https://internet-positif.info
culturemindstherapy-personal.pages.dev,BLOKIR,
ajowinklik.com,BLOKIR,
koinsix.xyz,BLOKIR,
koinplay.alterchamps.club,BLOKIR,
koinaga88naik.com,AKTIF,https://koinaga88naik.com/
koin79.jitu.win,BLOKIR,https://internet-positif.info
koin404wuis.xyz,BLOKIR,
kodomo99baru.com,BLOKIR,
team365sbo.xyz,BLOKIR,
kocak123.com,BLOKIR,https://internet-positif.info
tbx7ur6dre.markas338dikawal.com,BLOKIR,
kode17.vivo500.ink,BLOKIR,
tb012.turbo128b.com,BLOKIR,https://internet-positif.info
4.bonushptoto.info,BLOKIR,https://internet-positif.info
istana404tree.com,AKTIF,https://istana404tree.com/
koalahose.com,BLOKIR,
kokoplayv4.com,BLOKIR,https://internet-positif.info
klbdjj5iy2.gacor33c.art,AKTIF,https://klbdjj5iy2.gacor33c.art/
tayo4d891.com,AKTIF,https://tayo4d891.com/
kitadigisl0t6.lat,BLOKIR,
tayo4d985.com,BLOKIR,
kja2jv5n2fzh4sfpz23g.bungaslot.dev,BLOKIR,
tb007.taxibet88x.site,BLOKIR,
klix4dapp.shop,AKTIF,https://klix4dapp.shop/
babejudi09.icu,BLOKIR,https://internet-positif.info
kingkong4dmanis.xyz,BLOKIR,
cuanrakyat138.sbs,BLOKIR,
link3.amor77top.com,BLOKIR,
kincir168.net,BLOKIR,
cupuresmi.com,BLOKIR,
ketuabemo05.site,BLOKIR,https://internet-positif.info
keramas4d.com,BLOKIR,
tayangan.newkurniartp.site,BLOKIR,
kerasakti77.org,BLOKIR,https://internet-positif.info
customer-service-tayang4d.pages.dev,BLOKIR,
