url,risk,score,visual,keywords
zonagacor13d.com,high,100.0,"pragmatic:0.67,pool:0.61,pool:0.60,pragmatic:0.55,zeus:0.52,pg:0.48,zeus:0.27","togel,rtp,gacor,withdraw,casino,deposit,slot,bet,live"
wahanadepok.com,high,100.0,"pragmatic:0.48,pool:0.45,pg:0.43,pragmatic:0.42,zeus:0.33,pragmatic:0.32,zeus:0.30,pragmatic:0.27","pragmatic,togel,rtp,gacor,sicbo,baccarat,casino,slot,bet,live"
boxing55ab.store,high,100.0,"mahjong:0.64,mahjong:0.57,zeus:0.47,mahjong:0.40","pragmatic,togel,rtp,olympus,pg soft,zeus,scatter,withdraw,casino,deposit,slot,bet,live"
10.jepe500play.lol,high,100.0,"pragmatic:0.67,mahjong:0.67,zeus:0.29,zeus:0.25","pragmatic,togel,rtp,olympus,gacor,mahjong ways,maxwin,scatter,withdraw,casino,deposit,slot,bet,live"
jpmania25.jpmania-masuk.com,high,100.0,"pool:0.64,pool:0.64,pool:0.63,pool:0.63,pool:0.62,pool:0.61,pool:0.61,pool:0.59,pool:0.59,pool:0.56,pool:0.56,pragmatic:0.54,pool:0.52,zeus:0.47,pool:0.40,pool:0.36,zeus:0.34,pool:0.33,koin:0.31,pg:0.27,pool:0.27","pragmatic,togel,rtp,gacor,pg soft,maxwin,sicbo,withdraw,casino,deposit,slot,live"
tujuh19.kediritotovip.pro,high,100.0,"pool:0.49,koin:0.49,pool:0.46,koin:0.38,pragmatic:0.35,pool:0.33,koin:0.32,koin:0.29,pragmatic:0.29,pragmatic:0.28,pragmatic:0.28,pg:0.26","togel,rtp,sicbo,casino,slot,bet,live"
jrn7aaczvp.vwvip2.pro,high,100.0,"mahjong:0.77,pragmatic:0.77,pragmatic:0.76,casino:0.72,zeus:0.55,mahjong:0.50,mahjong_card:0.43","pragmatic,togel,rtp,olympus,gacor,pg soft,mahjong ways,maxwin,zeus,baccarat,withdraw,casino,deposit,slot,bet,live"
tan001.sultan189b.online,high,100.0,"mahjong:0.77,koin:0.75,mahjong_card:0.69,mahjong_card:0.61,zeus:0.54,pg:0.52,zeus:0.51,koin:0.46,mahjong:0.44,koin:0.40,pg:0.35,mahjong:0.29","pragmatic,togel,rtp,olympus,pg soft,mahjong ways,maxwin,sicbo,scatter,baccarat,withdraw,casino,deposit,slot,bet,live"
vqpibdf580.rudaltotoking.com,high,100.0,"pg:0.54,zeus:0.44,casino:0.42,vulgar:0.33,vulgar:0.29,vulgar:0.28,vulgar:0.28,vulgar:0.27","pragmatic,togel,rtp,olympus,gacor,sicbo,withdraw,casino,deposit,slot,bet,live,pola,judi"
suksesjitu-rtp.xyz,high,100.0,"zeus:0.44,zeus:0.41,pg:0.38,pragmatic:0.26","pragmatic,togel,rtp,pg soft,casino,deposit,slot,live,pola"
str.v1klikhoki.site,high,100.0,"mahjong:0.72,zeus:0.36,zeus:0.29","pragmatic,togel,rtp,olympus,gacor,pg soft,mahjong ways,maxwin,zeus,scatter,withdraw,casino,deposit,slot,live,judi"
uqfwzmay86.alamperkasa.sbs,high,100.0,"pragmatic:0.62,mahjong:0.55,mahjong:0.54,mahjong:0.47,koin:0.45,koin:0.32","togel,rtp,olympus,mahjong ways,zeus,scatter,baccarat,withdraw,casino,deposit,slot,bet,live,judi"
rjtweb2.store,high,100.0,"pg:0.45,zeus:0.32,zeus:0.29","pragmatic,togel,rtp,olympus,withdraw,casino,deposit,slot,bet,live"
ultimatekerbau.online,high,100.0,"mahjong:0.85,mahjong:0.82,pragmatic:0.71,mahjong_card:0.70,koin:0.52,zeus:0.47,mahjong:0.41,mahjong_card:0.39","pragmatic,togel,rtp,gacor,mahjong ways,scatter,withdraw,casino,deposit,slot,bet,live"
pola.rtppariban4d.com,high,100.0,"mahjong:0.65,mahjong:0.60,zeus:0.53,zeus:0.41,zeus:0.38,mahjong_card:0.34,zeus:0.32,zeus:0.26,zeus:0.25","pragmatic,rtp,olympus,gacor,zeus,withdraw,slot,live,pola"
petirsuper700.xyz,high,100.0,"mahjong:0.53,mahjong:0.43,zeus:0.38,vulgar:0.35","togel,rtp,olympus,gacor,mahjong ways,maxwin,scatter,withdraw,casino,deposit,slot,bet,live"
trisulatoto.com,high,100.0,"koin:0.65,pragmatic:0.64,mahjong:0.59,koin:0.40,koin:0.35,koin:0.27","pragmatic,togel,rtp,olympus,gacor,mahjong ways,scatter,withdraw,casino,deposit,slot,bet,live"
opaslotgg.ink,high,100.0,"mahjong:0.80,zeus:0.47,zeus:0.44,zeus:0.32,zeus:0.25","pragmatic,togel,rtp,olympus,pg soft,mahjong ways,scatter,withdraw,casino,deposit,slot,live"
topslot88solid.xyz,high,100.0,"pragmatic:0.76,mahjong:0.73,casino:0.68,pg:0.57,zeus:0.51,zeus:0.35,zeus:0.34,zeus:0.34,mahjong:0.32","pragmatic,togel,rtp,olympus,gacor,pg soft,maxwin,zeus,scatter,withdraw,casino,deposit,slot,live,judi"
toto268uu.linkamp88.online,high,100.0,"pragmatic:0.72,pragmatic:0.67,zeus:0.46,pragmatic:0.34,pragmatic:0.32","pragmatic,rtp,gacor,pg soft,deposit,live"
galaxypap.top,high,100.0,"pg:0.68,koin:0.38,pg:0.28,vulgar:0.26","pragmatic,togel,rtp,olympus,gacor,pg soft,mahjong ways,scatter,baccarat,withdraw,casino,deposit,slot,live,judi"
metro4dcat.com,high,100.0,"pg:0.73,koin:0.37,pg:0.35","togel,casino,slot,live"
mc001.satria78a.store,high,100.0,"mahjong:0.77,koin:0.75,mahjong_card:0.69,mahjong_card:0.61,zeus:0.54,koin:0.52,pg:0.52,zeus:0.51,mahjong:0.44,koin:0.36,pg:0.35,koin:0.33,mahjong:0.29","pragmatic,togel,rtp,olympus,pg soft,mahjong ways,sicbo,baccarat,withdraw,casino,deposit,slot,bet,live,judi"
tobrut888jp.store,high,100.0,"pragmatic:0.67,mahjong:0.67,mahjong:0.65,mahjong:0.64,mahjong:0.63,zeus:0.56,zeus:0.56,zeus:0.56,zeus:0.55,mahjong:0.54,koin:0.52,mahjong:0.52,zeus:0.51,zeus:0.51,zeus:0.47,mahjong:0.46,mahjong:0.45,mahjong:0.32,vulgar:0.29,vulgar:0.28,zeus:0.28","pragmatic,togel,rtp,gacor,maxwin,casino,deposit,slot,bet,live,pola,judi"
the-three-six-five.com,high,100.0,"zeus:0.51,zeus:0.41,koin:0.36,koin:0.28","pragmatic,togel,rtp,olympus,gacor,pg soft,maxwin,zeus,scatter,withdraw,casino,deposit,slot,bet,live,pola,rungkad"
www.77111777.pro,high,97.04,"mahjong:0.66,vulgar:0.48,koin:0.43,koin:0.31","pragmatic,olympus,mahjong ways,withdraw,casino,deposit,slot,bet,live,judi"
wongsobetbest.site,high,93.72,"mahjong:0.70,zeus:0.33","togel,rtp,olympus,gacor,mahjong ways,maxwin,zeus,scatter,withdraw,casino,deposit,slot,bet,live"
bale.rempahdunia.xyz,high,93.56,"pool:0.52,pool:0.46,pool:0.42,pool:0.35,pool:0.26","pragmatic,togel,rtp,gacor,sicbo,casino,deposit,slot,bet,live,judi"
j6lp.rumahracun.com,high,90.84,"pool:0.53,vulgar:0.30,pg:0.30,mahjong_card:0.27","togel,rtp,gacor,sicbo,withdraw,casino,deposit,slot,bet,live"
agung711uang.com,high,86.57,"koin:0.63,koin:0.46,koin:0.42,vulgar:0.40","togel,rtp,withdraw,deposit,live"
prediksijitucato.com,high,86.06,"pool:0.64,pool:0.54,pool:0.49","pragmatic,togel,rtp,olympus,gacor,mahjong ways,maxwin,zeus,withdraw,casino,deposit,slot,bet,live,rungkad,judi"
lautsasartoto.com,high,85.87,"pool:0.61,pool:0.52,pool:0.52","pragmatic,togel,rtp,gacor,pg soft,sicbo,casino,slot,bet,live"
bwo99-januaryprimez.art,high,81.74,"mahjong:0.32,mahjong:0.29,mahjong:0.27","pragmatic,togel,olympus,gacor,pg soft,zeus,scatter,withdraw,casino,deposit,slot,bet,live"
viamotutti.com,high,80.69,"pool:0.41,pool:0.40,pool:0.31,pool:0.29","togel,rtp,gacor,slot,live,pola"
adik4d.makeup,high,78.68,"pragmatic:0.72,pg:0.63,pool:0.63,pool:0.59,pragmatic:0.28","togel,withdraw,casino,deposit,slot,bet,live"
165.245.187.21,high,74.06,"vulgar:0.62,koin:0.35,koin:0.32","pragmatic,rtp,pg soft,baccarat,slot,bet"
freeseite.com,high,72.51,"pool:0.64,pool:0.64,pool:0.62,pool:0.62,pool:0.62,pool:0.62,pool:0.62,pool:0.61,pragmatic:0.59,pool:0.59,pool:0.57,pool:0.56,pool:0.56,pg:0.53,zeus:0.48,koin:0.38,pool:0.29,vulgar:0.29,vulgar:0.28,zeus:0.27,vulgar:0.25","togel,sicbo,casino,slot"
pejuangslotgol.com,high,69.59,mahjong:0.54,"pragmatic,pg soft,mahjong ways,maxwin,zeus,withdraw,casino,deposit,slot,bet,live"
tohir78-a32.com,high,69.09,"koin:0.43,koin:0.32,vulgar:0.26","pragmatic,rtp,gacor,pg soft,baccarat,withdraw,casino,deposit,slot,bet,live,dealer"
keragroup-2bv.store,high,69.07,pragmatic:0.26,"pragmatic,rtp,gacor,pg soft,slot,live,pola,judi"
upinaman.com,high,62.04,"vulgar:0.51,pool:0.50,pool:0.44,pool:0.44,pool:0.43,pool:0.39,pool:0.38,pool:0.36,pool:0.33,pool:0.28,pool:0.27","togel,rtp,sicbo,slot,bet,live"
payung57.cam,high,59.53,vulgar:0.52,"togel,rtp,scatter,withdraw,casino,deposit,slot,bet,live"
lihat14.meriahkali.one,high,58.43,vulgar:0.46,"togel,rtp,sicbo,baccarat,withdraw,deposit,slot,bet,live"
yolo4dbit.com,medium,50.0,,"pragmatic,togel,rtp,pg soft,slot,live"
yhriskr118.site,medium,50.0,,"pragmatic,togel,rtp,gacor,scatter,casino,deposit,slot,bet,judi"
www.thegrumpyfish.com,medium,50.0,,"pragmatic,togel,olympus,gacor,pg soft,zeus,scatter,withdraw,casino,deposit,slot,bet,live"
www.greencare.com.sg,medium,50.0,,"rtp,baccarat,withdraw,casino,deposit,slot,bet,live,dealer"
www.apistage.mocatest.org,medium,50.0,,"pragmatic,rtp,gacor,pg soft,maxwin,withdraw,deposit,slot,bet,live,judi"
adam77amp.pages.dev,medium,50.0,,"pragmatic,rtp,gacor,withdraw,deposit,slot,bet,live,judi"
ccrjn12569.lintas7.pro,medium,50.0,,"pragmatic,togel,rtp,olympus,gacor,mahjong ways,maxwin,sicbo,scatter,baccarat,withdraw,casino,deposit,slot,bet,live"
nomorslot.xyz,medium,50.0,,"pragmatic,togel,rtp,olympus,pg soft,mahjong ways,zeus,sicbo,baccarat,casino,deposit,slot,bet,live,pola,judi"
missboldghana.com,medium,50.0,,"rtp,gacor,maxwin,deposit,slot"
luna83676.com,medium,50.0,,"pragmatic,togel,rtp,sicbo,withdraw,casino,deposit,slot,bet,live"
ctls.pososulawesi.site,medium,50.0,,"togel,rtp,deposit,bet,live"
mariablog665.com,medium,49.88,,"togel,deposit,slot,live"
oasissphere.com,medium,47.51,pragmatic:0.45,"casino,slot,bet"
two.madetotoutama.com,medium,47.05,,"pragmatic,slot,live"
www.androidics.nl,medium,44.41,,"rtp,casino,deposit"
ketogel2win.com,medium,36.52,,togel
joinbostonslot.fit,medium,34.1,"koin:0.62,koin:0.36,koin:0.27,koin:0.25","rtp,casino,slot,live"
178.128.86.89,medium,33.55,pg:0.44,live
www.neduet.edu.pk,medium,32.47,"pool:0.41,pool:0.37,pool:0.36,pool:0.36",
rtpnewsitevega168.online,medium,31.05,,rtp
rtpmangkokcun.mom,medium,31.05,,rtp
118.194.234.167,medium,29.87,"koin:0.47,koin:0.45,koin:0.37,koin:0.26",
orionlightingcamera.com,medium,29.31,koin:0.25,"togel,rtp,mahjong ways,deposit,slot,bet,pola"
new1.anekatotogacorbgt.com,medium,27.43,,gacor
www.steelwheelstrainphotos.com,medium,26.61,,"withdraw,casino,deposit,slot"
